num__study_time_hours,num__attendance_percent,num__sleep_hours,num__previous_grade,num__study_to_sleep_ratio,num__academic_effort_index,num__academic_momentum,ord__parental_education,cat__gender_Male,cat__internet_access_Yes,cat__extracurricular_activities_Yes,cat__part_time_job_Yes,pass__is_at_risk,final_exam_score
-0.8293513133609366,0.9801874185061878,0.27710143958729316,1.3766624693360139,-0.8450135628914046,-0.6255921735408986,-0.3777367400609752,2.0,0.0,1.0,1.0,0.0,0.0,89.8
-1.1021362041775669,0.7887679299659829,0.7841875661671687,-0.8769729503835929,-1.1546565655323249,-0.9444956733099344,-1.1817047348908678,1.0,0.0,1.0,0.0,0.0,0.0,77.6
-0.4201739771359911,0.6292516895158119,0.19258708515731432,-1.0453941027469802,-0.4868983116766452,-0.26532074640588876,-0.7183531848569218,1.0,0.0,1.0,1.0,0.0,0.0,77.5
-0.14738908631936082,-0.3703834173052603,-0.14547033256260264,-1.7832391511961043,-0.1444582894830342,-0.23105328418482102,-0.7947531350915267,1.0,0.0,1.0,1.0,0.0,0.0,73.1
0.6027693634263727,0.7781335139359721,1.375788047177023,1.6894446094394473,-0.06312806141956374,0.8367949304338584,1.3892773867192434,2.0,1.0,1.0,1.0,1.0,0.0,100.0
-1.1021362041775669,-0.67878148217559,0.7841875661671687,0.0533534150522587,-1.1546565655323249,-1.1575096276571124,-0.9765567203720217,1.0,1.0,1.0,1.0,1.0,0.0,80.2
-0.21558530902351847,-0.2215015928851001,-1.9202717755921648,-1.0133138832491921,0.7184888854481545,-0.2583746391989157,-0.5565338458183492,1.0,1.0,1.0,1.0,0.0,0.0,84.8
0.46637691801805736,1.586349132216838,1.122244983887085,1.2162613718470738,-0.08231115117156687,0.9463890663661018,1.0045364336280789,4.0,0.0,1.0,1.0,0.0,0.0,97.3
-0.6247626452484637,1.586349132216838,-2.0893004844521235,0.41425588440237376,0.3015082899545453,-0.2884744370957993,-0.43397559231700367,2.0,1.0,0.0,0.0,0.0,0.0,79.4
-1.3749210949941972,-1.338115276036297,1.2067593383170636,1.2884418657170973,-1.4102338565671126,-1.4770305591778794,-1.0073289225498485,1.0,0.0,1.0,1.0,0.0,1.0,93.9
0.8755542542430033,1.586349132216838,-0.8215851680024359,1.3044819754659915,1.1594705176038342,1.4094628801643152,1.5021087947046092,2.0,0.0,1.0,0.0,0.0,0.0,97.4
-0.010996640911045524,1.586349132216838,0.6151588573072101,-0.6123111395268421,-0.2834886528989145,0.40613628360152015,-0.2461590479902669,2.0,1.0,1.0,0.0,0.0,0.0,75.9
0.739161808834688,1.586349132216838,0.4461301484472517,-0.9812336637514043,0.36451137270359807,1.2551049422315774,0.1657286466773135,2.0,1.0,1.0,0.0,0.0,0.0,95.3
0.8073580315388453,-0.48736199363538507,1.5448167560369808,-0.19526828605559787,0.025568014116086526,0.6098887616727336,0.6324403797076887,2.0,0.0,0.0,1.0,1.0,0.0,77.6
-0.5565664225443063,-0.4448243295153389,0.19258708515731432,0.6869377501335723,-0.5999035772152825,-0.624048594161571,-0.2836516161609526,0.0,1.0,1.0,0.0,1.0,0.0,72.6
0.05719958179311212,0.1932406322853451,0.9532162750271271,1.8097454325561524,-0.32954890628231004,0.10922878998789955,0.7967356430594204,3.0,1.0,0.0,1.0,0.0,0.0,93.3
-0.6929588679526214,0.8738432582060738,-1.3286712945823105,0.751098189129148,-0.20438612575835408,-0.5000991700015827,-0.4035570936124853,2.0,1.0,1.0,0.0,0.0,0.0,85.8
-1.7840984312191428,-0.4341899134853281,1.122244983887085,-0.1311078470600221,-1.6936828427597765,-1.7471569505601703,-1.6185285244266872,1.0,1.0,1.0,0.0,0.0,1.0,67.1
0.8073580315388453,-0.8702009707157948,0.3616157940172728,-0.026847133692211308,0.45481233911302477,0.4765235032988486,0.721573654981394,1.0,1.0,1.0,0.0,1.0,0.0,86.0
0.67096558613053,1.0971659948363142,-0.8215851680024359,-0.8689528955091465,0.954892080112403,1.0146152749323718,0.17191845746020912,3.0,0.0,1.0,1.0,0.0,0.0,98.3
1.080142922355476,-0.5086308256954082,-0.2299846869925815,-1.1015344868681094,0.9821697926176644,0.8503784289719392,0.35053871148092935,2.0,1.0,1.0,1.0,0.0,0.0,80.7
1.080142922355476,1.586349132216838,-0.4835277502825189,-0.11506773731112786,1.1352734370008446,1.6409997870634214,0.9161105653009906,0.0,0.0,1.0,0.0,1.0,0.0,79.8
0.5345731407222153,-1.4444594363364112,-1.6667287123022274,-2.1281015107973253,1.4436059340513518,0.05574376449420584,-0.5429162620959772,2.0,0.0,1.0,1.0,1.0,1.0,67.0
-0.010996640911045524,0.2889503765554468,-0.31449904142256035,-1.6950185475771873,0.04281357257307988,0.0671662519012282,-0.6759087680599191,1.0,0.0,1.0,1.0,0.0,0.0,69.4
0.67096558613053,1.256682235286485,-2.173814838882102,-0.2834888896745156,2.1498870919789863,1.0678687635191664,0.4688525233025738,3.0,0.0,1.0,0.0,1.0,0.0,91.1
0.8755542542430033,0.023089975805161804,0.9532162750271271,1.513003402201613,0.27123867916868283,0.8535427666995605,1.61476335095332,2.0,1.0,1.0,0.0,1.0,0.0,97.3
-0.6247626452484637,-1.316846443976274,0.8687019205971475,0.7350580793802538,-0.812874838591139,-0.8573606173469038,-0.33847565452374745,2.0,1.0,1.0,0.0,1.0,1.0,66.0
0.1935920272014271,-1.1254269554360692,-0.31449904142256035,0.20573445766675216,0.22821281151718678,-0.1298716558699115,0.2700711713032781,0.0,0.0,1.0,0.0,0.0,1.0,75.3
0.32998447260974206,1.586349132216838,1.4603024016070019,-0.40378971279122056,-0.27418203676546293,0.792031128433364,0.12222311946038535,1.0,1.0,1.0,0.0,0.0,0.0,90.8
0.05719958179311212,-1.1466957874960921,-0.14547033256260264,-0.33962927379564367,0.03532279921753999,-0.25057956333331205,-0.08009526727199355,3.0,0.0,1.0,1.0,0.0,1.0,87.7
0.12539580449726945,-0.2427704249451232,1.291273692747044,-1.2699556392314966,-0.37116962251976054,0.05605248037007094,-0.41204597697188616,1.0,1.0,1.0,0.0,0.0,0.0,97.5
0.6027693634263727,-1.0297172111659658,2.2209315914768144,-0.04288724344110554,-0.28853731453063924,0.24637581784113677,0.5297779465799384,2.0,0.0,1.0,1.0,0.0,0.0,79.1
0.26178824990558475,1.1928757391064158,-0.9060995224324147,0.061373469926706385,0.5935897264353942,0.6006272853967695,0.2702480230399328,2.0,0.0,1.0,0.0,0.0,0.0,92.3
1.2847315904679484,0.2995847925854591,-0.5680421047124985,-0.34764932867009135,1.3841717267430544,1.3589106554913435,0.9559906319165071,2.0,0.0,1.0,1.0,0.0,0.0,81.1
-0.010996640911045524,0.5335419452457087,-1.3286712945823105,1.4488429632060373,0.5562258623177417,0.13107043820538175,0.5719570857719601,2.0,0.0,0.0,1.0,0.0,0.0,93.3
0.05719958179311212,0.278315960525436,0.3616157940172728,1.3285421400893322,-0.14945195198200653,0.13207376480194427,0.6004302153732824,0.0,1.0,1.0,1.0,0.0,0.0,87.7
0.67096558613053,-0.8063944745357271,0.10807273072733545,-0.15516801168336286,0.45481217988682815,0.37912364446329094,0.533933962391312,2.0,0.0,1.0,1.0,0.0,0.0,91.5
-0.2837815317276758,-0.4235554974553173,-0.14547033256260264,0.029293250428917925,-0.2643123486167498,-0.36935799657255414,-0.23908497852409993,1.0,1.0,1.0,0.0,0.0,0.0,78.4
-1.5795097631066701,-0.7851256424757039,0.27710143958729316,0.350095445406798,-1.4577886066627708,-1.5927218336584663,-1.3691675757442963,2.0,1.0,1.0,0.0,0.0,1.0,75.2
-0.14738908631936082,-0.4767275776053743,0.10807273072733545,0.2779149515367745,-0.2330459439330933,-0.2572941336333866,-0.022087897649423933,3.0,1.0,1.0,1.0,0.0,0.0,81.2
-0.6929588679526214,-0.8063944745357271,1.037730629457106,1.2403215364704145,-0.8965421697125465,-0.8171503745154258,-0.2633136664457224,0.0,1.0,1.0,1.0,0.0,0.0,83.8
-0.010996640911045524,-1.1466957874960921,1.291273692747044,0.6227773111379965,-0.4664752894795732,-0.3079235372753241,0.24407396601511452,3.0,0.0,1.0,0.0,0.0,1.0,86.8
0.32998447260974206,0.7355958498159259,-0.06095597813262303,0.7992185183758296,0.2383592078570574,0.5388841102236743,0.6660422096719821,3.0,0.0,1.0,1.0,1.0,0.0,97.2
0.8755542542430033,1.586349132216838,1.375788047177023,-0.4278498774145614,0.12521409265480435,1.4094628801643152,0.566209404330699,1.0,1.0,1.0,1.0,0.0,0.0,96.1
-1.1703324268817246,0.91638092232612,0.023558376297355833,0.9195193414925346,-1.076852317907699,-0.9982894146794936,-0.8572702239987788,3.0,0.0,1.0,1.0,1.0,1.0,87.2
0.46637691801805736,1.586349132216838,0.8687019205971475,-0.010807023943317078,-0.0015548645673971913,0.9463890663661018,0.4227826459041607,1.0,1.0,0.0,0.0,1.0,0.0,75.5
0.1935920272014271,-2.2952127187373232,0.5306445028772313,1.1039806036048165,-0.09748811405904778,-0.4609694327356336,0.6563153641560024,1.0,1.0,1.0,0.0,0.0,1.0,81.2
0.12539580449726945,-0.9127386348358411,-1.2441569401523316,0.21375451254119873,0.6538139183998477,-0.12871397133541593,0.20958787736754916,2.0,0.0,1.0,1.0,0.0,0.0,79.3
-0.35197775443183343,1.267316651316496,1.122244983887085,0.7671382988780422,-0.6682644935672796,-0.05153500236904736,-0.048792509884204444,2.0,1.0,1.0,1.0,1.0,0.0,99.3
-0.4201739771359911,-0.4235554974553173,0.27710143958729316,-1.8634396999405745,-0.5107726299252048,-0.4945422842360043,-0.9889363419378142,2.0,1.0,1.0,0.0,0.0,0.0,68.5
-0.6247626452484637,-1.28494319588624,0.699673211737189,-1.1496548161147915,-0.7768458739933276,-0.851109120860628,-0.899537789059127,1.0,1.0,1.0,0.0,1.0,1.0,64.1
1.011946699651318,-1.423190604276388,-0.9906138768623943,-1.4945171757160123,1.4200642578462843,0.4498967590054514,0.08013240613669109,2.0,0.0,1.0,1.0,0.0,1.0,80.4
-0.35197775443183343,1.586349132216838,-0.7370708135724562,-1.7110586573260815,-0.1038301684363675,0.020241438769675976,-0.8958239025893895,2.0,1.0,1.0,0.0,0.0,0.0,75.4
0.05719958179311212,-1.848567245476844,-0.8215851680024359,-1.6950185475771873,0.3411567676381104,-0.4390506055491849,-0.633022221921281,3.0,0.0,1.0,1.0,1.0,1.0,71.4
0.46637691801805736,0.0762620559552188,-0.4835277502825189,-0.03486718856665785,0.5611338872736629,0.4751342818574538,0.41137570888996644,2.0,0.0,1.0,1.0,0.0,0.0,90.4
1.6257127039887365,-1.0403516271959783,1.6293311104669594,-1.6308581085816114,0.5457367727786013,1.1146392187127858,0.3958127560643983,1.0,0.0,1.0,1.0,0.0,0.0,90.8
-0.010996640911045524,0.4697354490656409,0.7841875661671687,-1.077474322244768,-0.33279998215322165,0.11439978090864586,-0.43079226105722834,4.0,0.0,1.0,1.0,1.0,0.0,80.7
-0.2837815317276758,-0.412921081425305,0.27710143958729316,0.7751583537524888,-0.39935898560313826,-0.3668882695656299,0.02407040561731667,3.0,0.0,1.0,1.0,1.0,0.0,88.1
1.011946699651318,0.5548107773057318,1.7983598193269188,-0.997273773500298,0.08447731765315925,1.1820164586204258,0.35973500178694623,1.0,1.0,1.0,1.0,1.0,0.0,83.8
0.39818069531390005,-0.731953562325647,-0.9060995224324147,0.8152586281247238,0.7323680774949741,0.16255945754365986,0.7438569737998213,1.0,0.0,1.0,0.0,0.0,0.0,81.6
-0.14738908631936082,-1.0616204592560012,-0.7370708135724562,0.03731330530336447,0.09728084378813295,-0.40161880560049623,-0.11228228334305461,2.0,1.0,0.0,0.0,0.0,0.0,85.0
-0.6247626452484637,1.586349132216838,0.8687019205971475,-0.25942872505117365,-0.812874838591139,-0.2884744370957993,-0.6345254616828412,4.0,1.0,1.0,1.0,0.0,0.0,100.0
0.12539580449726945,-0.4341899134853281,-0.7370708135724562,1.432802853457143,0.36542886008746656,0.0032620655970749886,0.7203356928248151,1.0,0.0,0.0,0.0,0.0,0.0,88.5
-0.35197775443183343,0.1932406322853451,0.5306445028772313,1.513003402201613,-0.5250756383046182,-0.2931823542027474,0.2061392685027932,3.0,0.0,1.0,1.0,1.0,0.0,81.6
-0.07919286361520317,1.2247789871964496,0.6151588573072101,1.7696451581839174,-0.3362244485060614,0.23711434156517217,0.6182038149070274,1.0,0.0,1.0,0.0,1.0,0.0,85.3
1.1483391450596332,-1.338115276036297,0.3616157940172728,0.3982157746534795,0.7294779259744024,0.5932952833449643,1.2763575528655502,2.0,1.0,1.0,1.0,0.0,1.0,95.8
-1.1021362041775669,-2.3590192149173914,-0.7370708135724562,-1.2940158038548373,-0.8412372132595352,-1.401395169590838,-1.2736676379510405,2.0,1.0,1.0,1.0,1.0,1.0,60.8
-0.14738908631936082,1.586349132216838,0.023558376297355833,-1.9997806328061731,-0.204385230922037,0.2517783456687823,-0.8759280822157941,2.0,0.0,0.0,1.0,0.0,0.0,77.4
-0.5565664225443063,-2.135696478287152,-2.8499296743219356,-0.026847133692211308,1.0752283733223087,-0.9676493639998451,-0.5040088800320582,3.0,0.0,0.0,1.0,0.0,1.0,71.4
1.7621051493970517,-0.200232760825077,0.4461301484472517,1.3205220852148847,1.1772205218928964,1.608893335973412,2.500525273985769,4.0,0.0,1.0,0.0,0.0,0.0,100.0
-0.6247626452484637,-0.6043405699655099,-0.9060995224324147,2.0022267495428796,-0.30846955545187515,-0.7177438624867427,0.038749099759613465,1.0,0.0,1.0,1.0,0.0,0.0,74.3
-0.761155090656779,-0.18959834479506618,-1.0751282312923731,1.0959605487303687,-0.3841669525406533,-0.765054570463127,-0.37835572113926497,2.0,0.0,1.0,1.0,1.0,0.0,75.3
-1.9886870993316155,0.8206711780560167,-0.31449904142256035,0.06939352480115293,-1.7493790705532877,-1.870952016782226,-1.7834427688567083,1.0,1.0,1.0,0.0,0.0,1.0,69.9
0.739161808834688,-1.0297172111659658,0.19258708515731432,1.1841811523492864,0.4736464454017711,0.36276170304242117,1.2878529157480725,1.0,0.0,1.0,1.0,1.0,0.0,88.4
2.1030862629178397,0.1400685521352881,1.291273692747044,0.3420753905323514,1.0107625483975253,2.0954295563374017,2.158405589428263,2.0,1.0,1.0,0.0,0.0,0.0,100.0
-0.5565664225443063,0.1826062162553328,-1.41318564901229,-0.9571734991280629,-0.010504720482109204,-0.49654893742913003,-0.7912161003584433,2.0,0.0,1.0,1.0,0.0,0.0,74.3
0.5345731407222153,-1.093523707346035,-0.06095597813262303,-0.7486520723924414,0.4154570007311988,0.16780762743337305,0.12629070940343168,1.0,0.0,1.0,0.0,0.0,1.0,73.4
-0.07919286361520317,0.4484666170056178,2.4744746547667513,0.12553390892228217,-0.75484837381648,0.03992207585610009,-0.01625179033983553,1.0,0.0,1.0,1.0,0.0,0.0,100.0
0.67096558613053,0.4059289528855731,0.023558376297355833,0.9596196158647696,0.49358843866649216,0.7838501577229294,1.099328964474718,2.0,0.0,1.0,1.0,0.0,0.0,74.5
0.8073580315388453,0.491004281125664,-0.39901339585254,-1.8473995901916802,0.831495974612382,0.9507110886282186,-0.24191460631056647,1.0,0.0,1.0,1.0,0.0,0.0,78.1
-0.761155090656779,0.1932406322853451,2.0519028826168553,-0.3235891640467506,-1.1071985868755656,-0.6955934983933951,-0.7696401884866335,3.0,1.0,1.0,1.0,0.0,0.0,85.0
-1.715902208514985,1.44810172382669,-0.31449904142256035,0.42227593927682144,-1.5021800852944782,-1.5343745331198915,-1.4912836999040062,1.0,1.0,1.0,0.0,0.0,1.0,78.7
-0.6247626452484637,1.1397036589563587,-0.8215851680024359,-0.5802309200290543,-0.3407713573333256,-0.3759953879036615,-0.7300253994760973,1.0,0.0,1.0,0.0,1.0,0.0,84.6
-1.238528649585882,1.288585483376519,0.3616157940172728,1.9460863654217517,-1.193181182055243,-1.0219833581521687,-0.7252504025864347,0.0,1.0,1.0,0.0,0.0,1.0,94.9
-1.1021362041775669,1.586349132216838,0.27710143958729316,-0.34764932867009135,-1.067840851535538,-0.8287272198603812,-1.0649825886991107,2.0,1.0,1.0,1.0,0.0,0.0,81.8
-0.21558530902351847,1.1928757391064158,1.122244983887085,0.04533336017781216,-0.5706056031679941,0.08036385559447701,-0.17135076338554964,3.0,0.0,1.0,1.0,1.0,0.0,85.0
-0.8293513133609366,0.2464127124354021,-0.31449904142256035,-0.06694740806444631,-0.6987833832033482,-0.753400546149205,-0.7597364912339998,1.0,1.0,1.0,0.0,0.0,0.0,78.0
0.1935920272014271,0.3740257047955377,-0.31449904142256035,-1.8473995901916802,0.22821281151718678,0.2945354944761504,-0.6127726980743777,2.0,0.0,1.0,0.0,1.0,0.0,64.6
-1.238528649585882,-0.09388860052496299,0.023558376297355833,0.5024764880212914,-1.1350167903734094,-1.2025821455334718,-1.0117502159662028,4.0,0.0,1.0,0.0,1.0,1.0,90.0
-0.6929588679526214,0.5229075292156979,-1.3286712945823105,-0.18724823118115133,-0.20438612575835408,-0.5663187253747273,-0.67254858506349,0.0,1.0,0.0,0.0,0.0,0.0,72.4
-0.2837815317276758,-1.6252445088466052,1.6293311104669594,-2.1281015107973253,-0.7271964587376408,-0.6484371483549436,-1.0002548530836812,3.0,1.0,1.0,0.0,0.0,1.0,70.4
0.8755542542430033,-0.200232760825077,-1.0751282312923731,1.1601209877259446,1.3417309759862757,0.774125607633167,1.4241171788401157,3.0,1.0,1.0,0.0,0.0,0.0,93.4
-0.4201739771359911,0.437832200975607,1.4603024016070019,-0.48399026153569,-0.7860295450068812,-0.3069973896477278,-0.5326588613700349,0.0,1.0,1.0,1.0,1.0,0.0,90.4
-0.6929588679526214,-0.700050314235613,-0.5680421047124985,-0.5802309200290543,-0.4961613936838271,-0.7970838425841701,-0.785203141312201,4.0,0.0,0.0,1.0,1.0,0.0,63.2
-0.6929588679526214,0.1932406322853451,0.4461301484472517,-1.165694925863685,-0.7732814361614198,-0.6285249743616202,-0.9530354393970157,2.0,1.0,1.0,1.0,1.0,0.0,66.7
1.3529278131721059,1.0546283307162678,1.291273692747044,0.02127319555447138,0.4865813801185547,1.7336145498230642,1.2415177607446772,2.0,1.0,1.0,0.0,0.0,0.0,100.0
0.46637691801805736,0.8206711780560167,-0.9060995224324147,-0.796772401639123,0.8017572530247636,0.7074429784462237,0.05015603677380806,1.0,1.0,1.0,0.0,0.0,0.0,83.3
0.9437504769471605,-0.2959425050951802,1.8828741737568977,2.435309712763018,0.015348010502112682,0.8036079737783197,2.201468987303555,2.0,1.0,1.0,1.0,0.0,0.0,100.0
1.7621051493970517,0.1400685521352881,-0.6525564591424774,0.7029778598824664,1.9050455024585673,1.7620164104026883,2.0783801785922473,1.0,1.0,1.0,1.0,0.0,0.0,88.0
-1.238528649585882,1.586349132216838,-1.2441569401523316,0.16563418329451718,-0.8387077727349161,-0.9830851577931189,-1.0786001724214822,0.0,0.0,1.0,1.0,0.0,1.0,87.6
0.32998447260974206,-0.3172113371552033,0.27710143958729316,-0.8689528955091465,0.1020024138461612,0.22561467518918293,-0.08805359542143217,3.0,0.0,1.0,1.0,0.0,0.0,87.3
1.557516481284579,-1.1679646195561153,1.291273692747044,-0.997273773500298,0.6295398805582743,1.0018807450529212,0.7643717752517059,1.0,1.0,1.0,1.0,0.0,1.0,98.9
0.6027693634263727,-1.1679646195561153,0.5306445028772313,0.871399012245853,0.2232025291251299,0.20122612099581066,0.9834026510979049,1.0,1.0,1.0,0.0,1.0,1.0,86.6
1.2165353677637911,-1.689051005026673,0.9532162750271271,-1.3822364074737543,0.5215668397732629,0.5117171131475131,0.28227394113241683,1.0,0.0,1.0,0.0,1.0,1.0,77.3
0.9437504769471605,1.586349132216838,-1.159642585722352,-0.9812336637514043,1.4802288345987231,1.4866418491306836,0.3179979919365604,0.0,0.0,1.0,1.0,0.0,0.0,87.1
-0.4201739771359911,0.6079828574557888,-1.3286712945823105,-0.30754905429785634,0.09985866947208429,-0.2699514845438711,-0.47429778827415653,2.0,1.0,0.0,1.0,1.0,0.0,65.8
0.26178824990558475,0.5335419452457087,1.9673885281868766,0.02127319555447138,-0.44343417486267395,0.40922344236017455,0.2525628493745148,0.0,0.0,1.0,0.0,0.0,0.0,88.7
0.12539580449726945,0.544176361275721,-0.4835277502825189,-1.8313594804427866,0.24216747075856201,0.2730797411035002,-0.6472587867219425,2.0,1.0,1.0,1.0,1.0,0.0,75.6
-0.010996640911045524,0.4591010330356301,0.19258708515731432,2.058367133664009,-0.1478825150607336,0.11162133802585689,0.8138902615148753,2.0,0.0,1.0,0.0,0.0,0.0,100.0
1.4211240358762638,-0.700050314235613,1.5448167560369808,-0.03486718856665785,0.43948275952964094,1.0810663672124154,1.2680455212428043,0.0,0.0,1.0,1.0,1.0,0.0,99.1
0.739161808834688,-1.0403516271959783,0.27710143958729316,1.3205220852148847,0.43624334681236127,0.35913429150100173,1.358505184541416,1.0,0.0,1.0,0.0,1.0,0.0,88.5
0.5345731407222153,-0.8489321386557733,-0.14547033256260264,1.5049833473271665,0.4548120061855454,0.2459127440273386,1.2195881453995594,1.0,1.0,1.0,1.0,0.0,0.0,94.7
1.7621051493970517,-0.1683295127350431,-0.5680421047124985,0.18969434791785794,1.8380452385702333,1.623248624201157,1.7275063330703582,1.0,1.0,1.0,1.0,1.0,0.0,82.7
-0.010996640911045524,-1.2211366997061723,0.4461301484472517,0.29395506128566873,-0.2314753367018875,-0.32737263745484935,0.11355738436433072,1.0,0.0,1.0,0.0,0.0,1.0,77.1
-0.14738908631936082,-0.6575126501155669,-0.2299846869925815,1.5290435119505073,-0.11311189147329002,-0.30190357769594767,0.446922907957456,2.0,1.0,1.0,1.0,0.0,0.0,90.7
-0.2837815317276758,-0.23213600891511088,-0.14547033256260264,-0.6203311944012893,-0.2643123486167498,-0.32490291044792513,-0.46828482922791437,0.0,0.0,0.0,0.0,0.0,0.0,85.4
2.4440673764386274,-0.200232760825077,0.6151588573072101,2.018266859291774,1.6149999889583748,2.2510223577736013,3.8157716394828904,1.0,1.0,1.0,0.0,0.0,0.0,100.0
1.6257127039887365,1.0014562505662108,1.6293311104669594,-0.6684515236479713,0.5457367727786013,2.0037409412053546,1.0324790080194386,4.0,1.0,1.0,1.0,0.0,0.0,100.0
0.05719958179311212,0.7781335139359721,0.4461301484472517,-0.5321105907823721,-0.17729472675593422,0.2662879918344601,-0.15861743834644867,2.0,1.0,1.0,1.0,0.0,0.0,85.0
-0.5565664225443063,0.012455559775151009,1.2067593383170636,-1.478477065967118,-0.8314262779252946,-0.5311251155260629,-0.9521511807137452,1.0,1.0,1.0,1.0,1.0,0.0,70.0
-0.2837815317276758,0.6186172734858011,0.9532162750271271,0.2217745674156464,-0.5798770668868901,-0.12732474989402073,-0.17117391164889526,1.0,0.0,1.0,0.0,0.0,0.0,87.4
-0.761155090656779,-0.5086308256954082,-0.39901339585254,-0.5962710297779479,-0.6124599669600653,-0.8229387971879037,-0.844802176564659,0.0,1.0,1.0,1.0,1.0,0.0,68.6
0.67096558613053,0.2889503765554468,0.7841875661671687,-1.077474322244768,0.1808603824587177,0.7447975994259459,0.06616111894101093,2.0,1.0,1.0,1.0,0.0,0.0,91.0
1.6939089266928937,0.8738432582060738,-0.5680421047124985,-0.796772401639123,1.7732061654520643,2.0201800615951915,1.000380417816706,3.0,1.0,1.0,0.0,1.0,0.0,93.9
-1.7840984312191428,1.203510155136428,-0.6525564591424774,1.4087426888338024,-1.5227800693989826,-1.6283013383519624,-1.4487508572386762,1.0,0.0,1.0,1.0,0.0,1.0,95.8
1.011946699651318,-0.4767275776053743,0.7841875661671687,-1.4864971208415652,0.4376905647646871,0.8002120991437992,0.0846421254213728,1.0,0.0,1.0,0.0,0.0,0.0,74.5
-0.6247626452484637,0.38466012082555,-0.7370708135724562,-1.2699556392314966,-0.3719781847357011,-0.5239474714121906,-0.9353502657315981,3.0,1.0,1.0,0.0,0.0,0.0,92.0
-0.8975475360650943,-0.23213600891511088,0.5306445028772313,0.42227593927682144,-0.9526631625501887,-0.9007351979060035,-0.6965119953801309,3.0,0.0,1.0,1.0,1.0,0.0,87.3
-2.1250795447399304,-1.1466957874960921,0.6151588573072101,-0.3957696579167729,-1.9182983167204692,-2.0855867294776975,-1.9337667450127594,2.0,0.0,1.0,1.0,0.0,1.0,67.1
0.67096558613053,1.586349132216838,-0.8215851680024359,-2.577224583766357,0.954892080112403,1.177925973265208,-0.6944782004086079,3.0,1.0,1.0,1.0,0.0,0.0,85.6
-0.2837815317276758,1.533177052066781,0.19258708515731432,0.7270380245058072,-0.3738930461380079,0.08507177270142585,0.007092638898516207,2.0,0.0,1.0,1.0,0.0,0.0,89.6
-1.3749210949941972,-0.731953562325647,-1.3286712945823105,-0.516070481033478,-0.9649981138344501,-1.406643339480551,-1.3256620485273687,3.0,1.0,1.0,0.0,1.0,1.0,63.4
-0.6929588679526214,-0.359749001275248,0.4461301484472517,1.0478402194836873,-0.7732814361614198,-0.7328709404041511,-0.3184914082818254,2.0,0.0,0.0,1.0,0.0,0.0,69.9
0.12539580449726945,-0.2108671768550893,1.037730629457106,-0.3556693835445379,-0.3032644196923973,0.06485088283223704,-0.028985115378936506,1.0,1.0,1.0,1.0,0.0,0.0,81.3
0.26178824990558475,1.3736608116166098,-0.2299846869925815,0.5826770367657614,0.2519820032236949,0.6531089842939003,0.5001552806903639,2.0,1.0,1.0,1.0,0.0,0.0,100.0
-0.8293513133609366,0.6611549376058458,2.0519028826168553,0.11751385404783449,-1.1501897351907913,-0.6811610311966841,-0.7109254119174464,3.0,1.0,0.0,1.0,1.0,0.0,72.9
0.67096558613053,0.650520521575835,-0.06095597813262303,-0.21932845067893864,0.533522195980626,0.8655055068893472,0.5013932428469431,1.0,0.0,1.0,0.0,1.0,0.0,92.9
-2.1250795447399304,-0.1257918486149969,0.9532162750271271,2.0102468044173274,-1.9316491341516235,-2.0485408243738403,-1.801127942522126,2.0,0.0,1.0,0.0,0.0,1.0,88.8
-0.8293513133609366,-2.773761440087836,1.2067593383170636,-0.07496746293889286,-1.0243621374725673,-1.2794523986239752,-0.7618587120738497,1.0,0.0,1.0,0.0,0.0,1.0,75.5
-0.5565664225443063,-0.18959834479506618,0.10807273072733545,-0.6524114138990772,-0.576975005843054,-0.5721843270161714,-0.6971309764584206,2.0,1.0,1.0,0.0,0.0,0.0,68.6
1.7621051493970517,-1.869836077536867,0.699673211737189,1.3285421400893322,1.0446207825511418,0.8576332520547775,2.5060076778220495,1.0,0.0,1.0,1.0,0.0,1.0,100.0
0.32998447260974206,-2.008083485927015,0.6151588573072101,0.871399012245853,-0.019809674863180072,-0.27751502350257506,0.698671355084678,2.0,0.0,1.0,0.0,0.0,1.0,84.7
0.32998447260974206,1.575714716186827,0.3616157940172728,-2.1040413461739846,0.07028051750709516,0.7888667907057426,-0.6463745280386717,0.0,1.0,1.0,0.0,0.0,0.0,78.5
-0.14738908631936082,-0.2108671768550893,0.6151588573072101,1.777665213058364,-0.38896024411320834,-0.19169201001197314,0.5401237731742079,2.0,0.0,1.0,1.0,0.0,0.0,92.1
0.12539580449726945,-1.508265932516479,0.8687019205971475,-1.9276001389361501,-0.2550923564498166,-0.29295081729584854,-0.687580982679095,3.0,1.0,1.0,0.0,1.0,1.0,67.6
0.12539580449726945,0.278315960525436,-0.06095597813262303,-1.2539155294826023,0.0612614149829164,0.19975972058544963,-0.40532561097902703,2.0,0.0,1.0,1.0,1.0,0.0,69.9
0.1935920272014271,1.1503380749863712,-1.6667287123022274,-0.7245919077691001,1.0316078398686748,0.5142640191234028,-0.12996745700847204,2.0,1.0,1.0,1.0,1.0,0.0,78.9
-2.1250795447399304,1.501273803976747,-0.2299846869925815,-0.8609328406346993,-1.8777323825087167,-1.9894989131145684,-1.959410246827615,0.0,1.0,0.0,1.0,1.0,1.0,68.8
0.5345731407222153,-0.1364262646450092,-0.2299846869925815,-2.2564223887884776,0.49537793302168487,0.4734363445401939,-0.6051680733982479,1.0,0.0,1.0,0.0,0.0,0.0,71.7
-2.1250795447399304,0.703692601725892,0.5306445028772313,0.630797366012443,-1.9147350921027222,-2.018441026476957,-1.8771741892834224,2.0,0.0,1.0,1.0,0.0,1.0,74.8
-1.1021362041775669,0.544176361275721,0.699673211737189,1.4007226339593546,-1.1411392053022213,-0.9799979990344642,-0.6794458027930029,0.0,1.0,1.0,0.0,1.0,0.0,76.5
-0.6929588679526214,1.394929643676633,-1.159642585722352,-0.80479245651357,-0.2776301074916418,-0.40177316353842857,-0.8495771734543218,1.0,1.0,0.0,1.0,0.0,0.0,74.4
-0.21558530902351847,-0.731953562325647,0.023558376297355833,0.5505968172679729,-0.26254970338774797,-0.3806261260416438,0.012486616866467999,0.0,0.0,1.0,0.0,1.0,0.0,80.8
-0.8975475360650943,-1.880470493566878,1.5448167560369808,1.7054847191883415,-1.1241951675882316,-1.1758782222711082,-0.3711047999364436,1.0,0.0,1.0,0.0,0.0,1.0,85.1
1.6939089266928937,1.586349132216838,-1.5822143578722478,1.7937053228072581,2.7418205462900462,2.3356105077607405,2.7426353014653384,1.0,1.0,1.0,0.0,0.0,0.0,100.0
-1.1021362041775669,0.6611549376058458,-2.2583291933120817,-0.5802309200290543,-0.2526210521540733,-0.9630186258618632,-1.116269592328822,0.0,1.0,1.0,1.0,0.0,0.0,75.7
-0.35197775443183343,-0.4979964096653959,0.5306445028772313,0.4543561587746088,-0.5250756383046182,-0.4486979766699808,-0.15569938469165495,2.0,1.0,1.0,1.0,1.0,0.0,80.9
-0.2837815317276758,-0.519265241725419,-0.06095597813262303,-0.9331133345047222,-0.29293417076536554,-0.391585539634868,-0.5786403129001211,2.0,0.0,1.0,0.0,1.0,0.0,81.8
-0.6247626452484637,-2.316481550797346,0.5306445028772313,0.17365423816896372,-0.7388694004274033,-1.053240840583548,-0.5056005456619456,3.0,1.0,0.0,1.0,0.0,1.0,63.7
0.6027693634263727,0.1400685521352881,0.5306445028772313,0.9275393963669822,0.2232025291251299,0.6284117142246622,1.0112567996209383,1.0,0.0,1.0,0.0,1.0,0.0,86.8
-0.9657437587692517,0.9482841704161539,-0.5680421047124985,-0.6123111395268421,-0.7555176861565004,-0.7762455209632504,-1.013695585069399,3.0,1.0,0.0,0.0,0.0,0.0,64.6
-0.761155090656779,-0.2215015928851001,0.3616157940172728,-0.917073224755828,-0.808649360449314,-0.7708429931356044,-0.9332280448917479,2.0,0.0,1.0,1.0,0.0,0.0,70.4
0.46637691801805736,0.6079828574557888,2.728017718056689,-0.8609328406346993,-0.48124731951647975,0.6410690651351467,0.019737538069289358,2.0,1.0,1.0,1.0,0.0,0.0,94.5
1.489320258580421,-1.2211366997061723,1.9673885281868766,-1.237875419733708,0.3389102290894146,0.9223092280485946,0.5599311676794758,3.0,0.0,0.0,1.0,0.0,1.0,77.9
-0.010996640911045524,-0.11515743258498609,-1.5822143578722478,0.5265366526446322,0.723870611435026,-0.038414577644764046,0.2058739908978116,4.0,0.0,1.0,0.0,0.0,0.0,88.7
0.26178824990558475,-0.6894158982056023,1.037730629457106,0.6869377501335723,-0.2043847946890388,0.054200185114877945,0.5461367322204501,2.0,0.0,1.0,0.0,0.0,0.0,84.2
-0.4201739771359911,0.5867140253957657,0.3616157940172728,0.3581155002812445,-0.5339837735879359,-0.2745822226818534,-0.2541173761397052,1.0,0.0,1.0,0.0,1.0,0.0,84.3
1.080142922355476,-0.8702009707157948,1.7983598193269188,-2.368703157030735,0.12891760417099038,0.7139260118393994,-0.3759682226944335,2.0,1.0,1.0,1.0,0.0,0.0,81.1
0.5345731407222153,-0.7957600585057163,-0.4835277502825189,1.7135047740627882,0.6249271705766835,0.2628921171999396,1.3207473387657496,3.0,1.0,1.0,0.0,1.0,0.0,86.7
0.5345731407222153,-0.4448243295153389,0.19258708515731432,-0.2754688348000679,0.3041385470938154,0.37495598013910747,0.3558442635805549,2.0,1.0,1.0,0.0,0.0,0.0,86.6
-0.48837019984014873,0.38466012082555,0.5306445028772313,-0.764692182141335,-0.6319725193660111,-0.38703198046585224,-0.678649969978059,2.0,0.0,0.0,1.0,1.0,0.0,78.1
-0.14738908631936082,0.3102192086154699,0.7841875661671687,1.2643817010937566,-0.43553205507560966,-0.06311184771400244,0.3477090836944625,4.0,1.0,1.0,0.0,1.0,0.0,94.2
-1.715902208514985,1.586349132216838,0.4461301484472517,0.2618748417878814,-1.5859905853507181,-1.5233379405577006,-1.5107373909359656,3.0,0.0,1.0,0.0,1.0,1.0,82.4
-0.48837019984014873,-0.2959425050951802,0.9532162750271271,-1.318075968478178,-0.7300739632496385,-0.5302761468674331,-0.8555901325005638,1.0,0.0,1.0,1.0,0.0,0.0,82.6
-1.4431173176983547,1.586349132216838,-1.497700003442269,-0.88499300525804,-0.99542268463075,-1.2146220646922254,-1.44256104645578,1.0,1.0,1.0,1.0,1.0,1.0,69.6
0.32998447260974206,0.012455559775151009,0.023558376297355833,-0.6443913590246301,0.20276607633793847,0.32370914474543805,0.013459301418065908,2.0,0.0,1.0,0.0,1.0,0.0,83.3
-0.6929588679526214,1.3736608116166098,0.4461301484472517,1.3285421400893322,-0.7732814361614198,-0.40578646992468004,-0.23802386810417483,3.0,1.0,1.0,0.0,1.0,0.0,87.4
-1.3067248722900398,0.703692601725892,0.5306445028772313,0.4383160490257145,-1.2733538057343665,-1.169163651971034,-1.0908913681189476,2.0,0.0,1.0,1.0,0.0,1.0,77.6
0.8755542542430033,0.437832200975607,1.71384546489694,1.7295448838116823,0.02034187603636844,1.001031776394291,1.7317507747500587,1.0,1.0,1.0,1.0,1.0,0.0,96.5
1.2847315904679484,0.5122731131856871,0.4461301484472517,-0.8448927308858051,0.7979562522712238,1.4438075213543495,0.6544584209211342,1.0,0.0,0.0,0.0,1.0,0.0,75.6
1.557516481284579,1.586349132216838,0.4461301484472517,1.6172641155694238,1.0146786920550368,2.1812525698280036,2.4651549266549346,2.0,1.0,1.0,1.0,0.0,0.0,100.0
-1.7840984312191428,-1.8911049095968901,-0.9060995224324147,0.7751583537524888,-1.4880855394583044,-1.8528921380440957,-1.5186072932170767,1.0,1.0,1.0,0.0,0.0,1.0,65.2
-1.1021362041775669,1.586349132216838,1.037730629457106,-0.4118097676656671,-1.1931810447226212,-0.8287272198603812,-1.0791307276314448,3.0,1.0,1.0,1.0,1.0,0.0,91.2
-0.8975475360650943,0.10816530404525271,0.699673211737189,-2.0158207425550674,-0.9850134918841241,-0.8439314767467561,-1.3147856667231368,3.0,0.0,1.0,1.0,0.0,0.0,80.2
-0.8975475360650943,0.11879972007526501,-0.5680421047124985,0.8874391219947473,-0.6906786130383322,-0.8421563604605294,-0.5785518870317943,1.0,1.0,1.0,1.0,0.0,0.0,84.3
0.39818069531390005,0.9376497543861431,0.023558376297355833,1.0157599999858988,0.26093054880364946,0.6714775789078964,0.8367041355432644,3.0,1.0,1.0,1.0,0.0,0.0,93.1
0.5345731407222153,-0.8702009707157948,-0.4835277502825189,-1.2859957489803902,0.6249271705766835,0.23912099475829857,-0.13438875042482623,1.0,1.0,1.0,0.0,0.0,0.0,76.1
-0.010996640911045524,-1.093523707346035,-0.2299846869925815,0.8633789573714065,0.008586073425704954,-0.29403132286137823,0.33957390380837077,2.0,1.0,0.0,1.0,0.0,1.0,77.3
-0.761155090656779,-0.39165224936528187,-0.2299846869925815,0.9756597256136638,-0.6607527335187672,-0.8017145807221521,-0.4115154217619233,0.0,0.0,1.0,0.0,0.0,0.0,81.9
-2.1250795447399304,-1.189233451616137,-0.5680421047124985,0.47039626852350297,-1.8577819291653621,-2.087130308857025,-1.8860167761161315,3.0,0.0,1.0,1.0,0.0,1.0,74.6
1.6257127039887365,-1.338115276036297,-1.41318564901229,0.47039626852350297,2.4711782215454274,0.984978550849286,1.7858674061662367,2.0,1.0,1.0,0.0,0.0,1.0,95.7
0.6027693634263727,-1.178599035586126,-0.06095597813262303,-1.2458954746081552,0.4744895983559126,0.19775306739232426,-0.06709666462791161,1.0,1.0,1.0,0.0,0.0,1.0,79.0
-0.4201739771359911,-1.5401691806065143,-2.004786130022144,-0.026847133692211308,0.5147369927901289,-0.7376560364800661,-0.38145062653071304,3.0,1.0,1.0,1.0,0.0,1.0,72.6
1.489320258580421,1.586349132216838,-1.2441569401523316,-0.3556693835445379,2.1463356095346118,2.1040736008616343,1.1240882076063035,1.0,0.0,1.0,1.0,0.0,0.0,100.0
-0.5565664225443063,-0.030082104344895194,0.9532162750271271,-0.7807322918902293,-0.7801395953705546,-0.5397691600502966,-0.7367457654689565,2.0,0.0,1.0,0.0,0.0,0.0,77.3
-2.1250795447399304,0.1826062162553328,-1.3286712945823105,1.4087426888338024,-1.8016713007181557,-2.037349873873717,-1.8342876431447843,3.0,0.0,1.0,1.0,0.0,1.0,71.5
0.12539580449726945,0.11879972007526501,-0.5680421047124985,0.49445643314684373,0.2819074837341928,0.15576770827461944,0.3271942822425773,4.0,0.0,1.0,0.0,0.0,0.0,93.0
-0.48837019984014873,-0.11515743258498609,0.9532162750271271,1.8658858166772816,-0.7300739632496385,-0.49222691516701317,0.16245688954921128,3.0,1.0,1.0,0.0,1.0,0.0,85.2
0.05719958179311212,0.2464127124354021,-0.5680421047124985,1.0398201646092395,0.2170684106160246,0.12350689924667775,0.4826469587616002,2.0,1.0,1.0,1.0,1.0,0.0,82.5
-0.6929588679526214,-0.06198535243492909,1.037730629457106,-0.3556693835445379,-0.8965421697125465,-0.6766846509966346,-0.7208291091700801,1.0,0.0,1.0,1.0,1.0,0.0,79.2
0.67096558613053,1.4055640597066439,0.8687019205971475,-0.24338861530228056,0.15056763056205463,1.1175720195335077,0.48919047301780433,0.0,0.0,1.0,1.0,1.0,0.0,97.2
1.1483391450596332,0.969553002476177,0.27710143958729316,-0.4759702066612429,0.7704842797785609,1.480930605427172,0.7655213115399578,3.0,1.0,1.0,0.0,0.0,0.0,88.8
-1.6477059858108274,-0.9871795470459211,0.27710143958729316,-1.9757204681828324,-1.513495428823804,-1.6702866974696668,-1.7423247400846116,2.0,0.0,1.0,1.0,1.0,1.0,57.3
0.12539580449726945,-0.6681470661455792,0.699673211737189,0.6067372013891023,-0.20438492479363737,-0.061259552458809444,0.37423684419258924,1.0,0.0,1.0,1.0,0.0,0.0,89.6
0.6027693634263727,-2.0187179019570274,0.6151588573072101,1.3445822498382265,0.19113350756540765,-0.07661816728311703,1.2181733315063261,3.0,1.0,1.0,0.0,0.0,1.0,91.5
-0.4201739771359911,-0.008813272284872093,1.2067593383170636,0.02127319555447138,-0.734958348151658,-0.4042428905453528,-0.36553397023183676,2.0,0.0,1.0,0.0,0.0,0.0,89.6
1.3529278131721059,0.2357782964053898,2.1364172370468357,-0.8448927308858051,0.19963989566049967,1.4008188356400815,0.7067181091024431,2.0,1.0,1.0,0.0,0.0,0.0,99.6
0.12539580449726945,-1.0084483791059442,2.0519028826168553,-0.4759702066612429,-0.5483136587776337,-0.15510917872191424,-0.07938786032537723,2.0,0.0,1.0,0.0,0.0,0.0,76.1
-1.5113135404025124,1.586349132216838,0.8687019205971475,0.2618748417878814,-1.4720723174854295,-1.2918010336585943,-1.3173500169046224,1.0,0.0,0.0,0.0,0.0,1.0,81.8
1.1483391450596332,-0.1257918486149969,0.27710143958729316,-0.8689528955091465,0.7704842797785609,1.059610613839765,0.5358793314945075,3.0,1.0,0.0,1.0,1.0,0.0,72.8
-0.07919286361520317,1.235413403226462,-0.5680421047124985,0.03731330530336447,0.08739026437968786,0.23981560547899528,-0.05029574964576522,1.0,0.0,1.0,0.0,0.0,0.0,84.2
-0.07919286361520317,0.6398861055458227,0.5306445028772313,-0.4118097676656671,-0.3112818761818331,0.0885448263049119,-0.2236104515668593,0.0,1.0,1.0,1.0,1.0,0.0,72.8
0.46637691801805736,-1.3487496920663078,0.19258708515731432,-0.7005317431457593,0.2476359143244968,0.030429062673236567,0.09578378483058611,3.0,1.0,1.0,1.0,0.0,1.0,97.6
1.8303013721012091,0.6079828574557888,-0.9060995224324147,-0.16318806655781054,2.1895407636205624,2.0426391415644045,1.5460564512631711,2.0,1.0,1.0,0.0,0.0,0.0,97.5
0.46637691801805736,-1.3806529401563432,1.291273692747044,-1.2138152551103671,-0.1329054551202285,0.020472975676574884,-0.14756420480556287,1.0,1.0,1.0,1.0,0.0,1.0,82.2
-0.010996640911045524,0.703692601725892,1.122244983887085,0.6949578050080187,-0.4241172675690658,0.1755255243300101,0.27272394735309086,2.0,1.0,1.0,1.0,0.0,0.0,94.6
-0.5565664225443063,1.501273803976747,0.27710143958729316,-1.2138152551103671,-0.6221862742472716,-0.22858355717789716,-0.8704456783795148,2.0,1.0,1.0,1.0,1.0,0.0,73.9
-0.9657437587692517,1.586349132216838,-0.7370708135724562,1.0478402194836873,-0.7071632051098682,-0.6743692819276434,-0.6110041807078357,1.0,1.0,1.0,1.0,1.0,0.0,78.1
0.12539580449726945,-0.1257918486149969,-1.497700003442269,-1.197775145361473,0.8239610508949458,0.08831328939801333,-0.38180433000402125,1.0,0.0,1.0,1.0,1.0,0.0,67.6
-0.8975475360650943,0.2995847925854591,-0.2299846869925815,0.991699835362558,-0.7824506984177622,-0.8119793835946791,-0.5521125524019947,1.0,0.0,1.0,1.0,1.0,0.0,87.1
-0.5565664225443063,1.0546283307162678,1.71384546489694,0.4062358295279272,-0.9235091971604484,-0.31934602468234685,-0.37030896712149974,3.0,0.0,0.0,1.0,0.0,0.0,89.7
-2.1250795447399304,-0.9659107149858981,0.8687019205971475,-0.5722108651546072,-1.9284398028737844,-2.0790265171155564,-1.9434935905287392,1.0,0.0,0.0,1.0,0.0,1.0,54.1
1.9666938175095243,-0.4448243295153389,1.291273692747044,0.7350580793802538,0.9154568814377125,1.6861494839087476,2.3093485466626027,3.0,0.0,1.0,1.0,0.0,0.0,100.0
-0.14738908631936082,-0.6468782340855561,-0.9060995224324147,-0.8128125113880171,0.17725467325665425,-0.29927949275109145,-0.43096911279388306,0.0,1.0,1.0,0.0,1.0,0.0,76.2
1.011946699651318,-1.0616204592560012,-1.9202717755921648,-0.29952899942340866,2.3005613473778044,0.5837250911931343,0.7520805795542402,2.0,0.0,1.0,1.0,0.0,0.0,89.4
1.011946699651318,-1.9549114057769579,-0.14547033256260264,-1.0534141576214273,0.8743012131535504,0.25309038814121065,0.3281669667941755,2.0,0.0,0.0,1.0,0.0,1.0,75.1
-0.6929588679526214,0.4591010330356301,-0.2299846869925815,2.1465877372829265,-0.5999037510692697,-0.5783586445334805,-0.003518465300734868,2.0,0.0,1.0,0.0,0.0,0.0,90.0
-1.0339399814734094,0.6186172734858011,-0.2299846869925815,-1.1015344868681094,-0.9041486633167569,-0.8990372605887432,-1.181793160759195,2.0,1.0,0.0,1.0,1.0,0.0,71.1
1.6939089266928937,-3.2204069133483153,-1.8357574211621859,1.071900384107028,3.0629370987136015,0.20763197542001907,2.2571772843496207,3.0,0.0,1.0,0.0,0.0,1.0,83.8
0.12539580449726945,-1.0828892913160229,0.19258708515731432,-2.2323622241651364,-0.03487724952209647,-0.17563878446696815,-0.8152679365434116,4.0,0.0,1.0,1.0,1.0,1.0,64.7
-2.1250795447399304,-0.4022866653952942,0.6151588573072101,0.19771440279230448,-1.9182983167204692,-2.0585740903394685,-1.9010491737317363,1.0,1.0,1.0,0.0,1.0,1.0,69.5
0.12539580449726945,1.0333594986562449,0.27710143958729316,0.9997198902370046,-0.06511805263693862,0.4079885788567124,0.5388858110176284,1.0,0.0,1.0,1.0,1.0,0.0,93.6
-1.9886870993316155,-0.11515743258498609,0.4461301484472517,0.20573445766675216,-1.8027130251345311,-1.9184942616655092,-1.7729200905257847,3.0,0.0,1.0,1.0,1.0,1.0,72.0
-1.238528649585882,-0.5937061539354991,1.5448167560369808,-1.318075968478178,-1.3541478039290948,-1.2678755532790198,-1.3730583139506882,1.0,0.0,1.0,0.0,1.0,1.0,68.8
-0.8293513133609366,1.3736608116166098,0.5306445028772313,-0.3316092189211971,-0.8992147220194924,-0.5570572490987631,-0.829769778949054,1.0,1.0,1.0,1.0,0.0,0.0,94.0
-0.21558530902351847,1.267316651316496,0.19258708515731432,-1.6549182732049523,-0.3173904133686895,0.09819219742570813,-0.789978138201864,3.0,1.0,1.0,1.0,1.0,0.0,82.6
-1.9886870993316155,-1.6677821729666498,0.8687019205971475,1.4087426888338024,-1.8270248061208167,-1.997371167949138,-1.6800729287823413,1.0,0.0,1.0,0.0,0.0,1.0,73.2
-1.0339399814734094,0.5335419452457087,-0.06095597813262303,-0.010807023943317078,-0.9422927446372161,-0.9120033273750932,-0.9292488808170287,1.0,1.0,0.0,1.0,0.0,0.0,67.8
-1.0339399814734094,0.33148804067549303,-0.39901339585254,0.12553390892228217,-0.8635827394074473,-0.9427977359926741,-0.8976808458242581,2.0,0.0,1.0,0.0,0.0,0.0,85.4
0.8755542542430033,-0.1576950967050323,-0.8215851680024359,0.4864363782723972,1.1594705176038342,0.7892526855505749,1.0601563048058182,1.0,1.0,1.0,1.0,0.0,0.0,92.4
1.4211240358762638,-0.2746736730351571,1.291273692747044,0.38217566490458643,0.5342342135984613,1.257034416455736,1.5301397949642959,2.0,0.0,1.0,0.0,1.0,0.0,89.9
0.5345731407222153,1.1184348268963358,1.2067593383170636,0.12553390892228217,-0.059682839736203024,0.8741495514135803,0.5503811739001505,1.0,1.0,1.0,0.0,1.0,0.0,88.7
-0.6247626452484637,-0.4022866653952942,0.10807273072733545,1.6894446094394473,-0.6342965161613806,-0.6781510514069956,-0.05436333958881095,1.0,0.0,1.0,1.0,1.0,0.0,100.0
1.011946699651318,-1.8911049095968901,-0.14547033256260264,-0.8689528955091465,0.8743012131535504,0.2767071526449193,0.4318905103418504,2.0,1.0,0.0,1.0,1.0,1.0,74.8
1.8303013721012091,0.5229075292156979,-0.39901339585254,1.2403215364704145,1.773206371290065,2.0037409412053546,2.5209516495693274,1.0,0.0,1.0,1.0,0.0,0.0,100.0
-0.14738908631936082,-0.2108671768550893,-1.8357574211621859,1.2964619205915437,0.7414176130794254,-0.19169201001197314,0.35973500178694623,1.0,0.0,1.0,0.0,0.0,0.0,76.7
0.32998447260974206,-1.3274808600062862,0.6151588573072101,-1.2619355843570494,-0.019809674863180072,-0.07499740893482364,-0.2657011648905539,4.0,1.0,1.0,0.0,1.0,1.0,74.3
0.8073580315388453,-2.5823419515476314,-0.9060995224324147,-0.3717094932934321,1.1487031306737137,-0.11991556887325015,0.5390626627542828,1.0,1.0,1.0,1.0,0.0,1.0,89.2
0.32998447260974206,-0.9340074668958642,-0.7370708135724562,0.3180152259090095,0.5665398723119666,0.04208308698715817,0.4485145735873433,3.0,1.0,1.0,1.0,0.0,0.0,91.7
-0.48837019984014873,0.1932406322853451,-0.39901339585254,-0.7807322918902293,-0.3613371945126832,-0.4273194022662968,-0.6837786703410302,3.0,0.0,1.0,0.0,0.0,0.0,73.2
-0.761155090656779,-3.1353315851082235,-0.06095597813262303,-0.38774960304232636,-0.7061623541383615,-1.2995189305552313,-0.7873253621520513,2.0,1.0,1.0,1.0,0.0,1.0,67.7
-0.14738908631936082,0.2038750483153559,1.4603024016070019,-0.14714795680891632,-0.599903178373638,-0.08935269716256769,-0.18143131237483784,2.0,1.0,1.0,0.0,0.0,0.0,85.1
0.5345731407222153,-0.7425879783556593,0.5306445028772313,-0.6604314687735243,0.16975408859443383,0.27987149037254055,0.1690888296737429,1.0,0.0,1.0,1.0,0.0,0.0,92.3
-0.6929588679526214,1.2992198994065298,2.1364172370468357,0.47841632339794954,-1.0762264563484487,-0.4198330422765593,-0.48172556121363197,3.0,0.0,1.0,1.0,0.0,0.0,90.2
-1.1021362041775669,-0.359749001275248,1.71384546489694,0.8232786829991715,-1.2830715107592359,-1.111202246277291,-0.8067790531840108,1.0,1.0,1.0,1.0,0.0,0.0,82.7
0.46637691801805736,0.0549932238951957,1.2067593383170636,-0.684491633396865,-0.10791680462302175,0.4684968905263458,0.10338840950671593,1.0,0.0,1.0,0.0,0.0,0.0,76.0
0.5345731407222153,-0.5298996577554312,-0.8215851680024359,-1.6709583829538466,0.8185064551181164,0.3477889830629452,-0.3211441843316382,3.0,1.0,1.0,1.0,1.0,0.0,77.1
-0.761155090656779,-0.8808353867458072,-0.8215851680024359,-1.3982765172226481,-0.477156982327613,-0.8904703950334764,-1.0658668473823814,3.0,1.0,1.0,0.0,1.0,0.0,66.4
0.05719958179311212,0.7781335139359721,-0.8215851680024359,0.309995171034563,0.3411567676381104,0.2662879918344601,0.18491706010429168,3.0,0.0,1.0,0.0,1.0,0.0,84.9
-0.07919286361520317,1.1397036589563587,-0.31449904142256035,1.2804218108426497,-0.018986173741622852,0.2155042302545892,0.4294145860286923,3.0,0.0,1.0,1.0,0.0,0.0,86.5
1.898497594805367,-0.1576950967050323,0.10807273072733545,-0.026847133692211308,1.4865993656167105,1.7570769563888398,1.7020396829921562,1.0,1.0,1.0,1.0,0.0,0.0,99.9
-1.5113135404025124,0.6186172734858011,0.3616157940172728,-0.6123111395268421,-1.4129136515443455,-1.3901270401217483,-1.4522878919717601,2.0,0.0,1.0,0.0,0.0,1.0,74.6
-0.07919286361520317,1.0014562505662108,-1.6667287123022274,0.21375451254119873,0.7020093645225334,0.18038779937489133,0.017792168966093536,1.0,0.0,1.0,1.0,0.0,0.0,86.4
0.8755542542430033,-0.9233730508658519,1.6293311104669594,-0.716571852894653,0.04565586039722073,0.5169652830372262,0.4102261726017148,0.0,1.0,1.0,0.0,0.0,0.0,80.7
-0.8293513133609366,-0.6575126501155669,-0.2299846869925815,0.2779149515367745,-0.7216017159682647,-0.9108456428405975,-0.668480995120444,1.0,1.0,1.0,0.0,0.0,0.0,86.3
-0.07919286361520317,-0.5937061539354991,0.023558376297355833,-0.7005317431457593,-0.1462207584563262,-0.22480178769854497,-0.33502704565899116,0.0,0.0,1.0,0.0,1.0,0.0,87.2
0.8755542542430033,0.8206711780560167,0.6151588573072101,-0.9090531698813814,0.4020766899939958,1.1371754776509657,0.30623735144905767,0.0,1.0,1.0,1.0,0.0,0.0,96.5
-0.5565664225443063,-1.614610092816593,-0.9906138768623943,0.8954591768691939,-0.2043858541117006,-0.8617598185779871,-0.219277584018832,1.0,0.0,1.0,1.0,0.0,1.0,84.9
0.12539580449726945,1.586349132216838,0.3616157940172728,-1.6308581085816114,-0.09451883460973144,0.5604942215342575,-0.563254211811208,0.0,1.0,1.0,1.0,0.0,0.0,87.3
0.32998447260974206,0.08689647198523111,-1.159642585722352,2.0423270239151146,0.821031731314836,0.345859508838786,1.2279886028906328,1.0,0.0,0.0,1.0,0.0,0.0,89.9
1.011946699651318,-0.8063944745357271,-0.8215851680024359,-1.2218353099848143,1.295856142598121,0.6781921492079703,0.23346286181586345,0.0,0.0,1.0,1.0,1.0,0.0,78.1
3.0578333807760454,-0.9552762989558873,-1.3286712945823105,0.38217566490458643,3.978979808660173,2.385082226868183,3.109072099812795,2.0,0.0,1.0,1.0,0.0,0.0,98.3
-1.1703324268817246,0.8844776742360861,-0.06095597813262303,-0.5561707554057129,-1.0603579398866436,-1.0026886159105763,-1.1664070596702816,1.0,1.0,1.0,0.0,0.0,1.0,72.9
-0.35197775443183343,0.6824237696658689,0.7841875661671687,-0.18724823118115133,-0.5896301644591915,-0.1831251444567056,-0.37499553814283554,2.0,0.0,1.0,0.0,1.0,0.0,84.5
-1.4431173176983547,0.7781335139359721,-1.0751282312923731,1.0799204389814745,-1.1032910894268733,-1.3026060893138858,-1.1175959803537283,1.0,1.0,1.0,0.0,0.0,1.0,87.1
1.4211240358762638,1.182241323076405,-1.6667287123022274,-2.2564223887884776,2.5148009789263117,1.859724985114111,-0.12811051377360308,0.0,0.0,1.0,0.0,0.0,0.0,80.9
-0.07919286361520317,-0.200232760825077,0.3616157940172728,0.4864363782723972,-0.25931818672655804,-0.12485502288709756,0.12301895227532918,1.0,1.0,1.0,1.0,0.0,0.0,90.5
-0.2837815317276758,-1.178599035586126,2.389960300336772,-1.077474322244768,-0.8635820200460882,-0.5447086140641437,-0.6295736130565244,2.0,1.0,1.0,1.0,0.0,1.0,71.7
-2.1250795447399304,0.7887679299659829,0.6151588573072101,0.5265366526446322,-1.9182983167204692,-2.0153538677183023,-1.8829218707246833,1.0,1.0,1.0,0.0,0.0,1.0,76.4
0.67096558613053,0.4271977849455947,0.19258708515731432,-0.010807023943317078,0.41714381263245254,0.7909506228678346,0.6071505813661412,1.0,0.0,0.0,1.0,0.0,0.0,87.0
0.6027693634263727,-0.944641882925875,-1.2441569401523316,0.4062358295279272,1.1761965102970153,0.27416024666902955,0.7526111347642028,2.0,0.0,1.0,1.0,1.0,0.0,79.8
-0.21558530902351847,0.756864681875949,-0.5680421047124985,-0.604291084652395,-0.04228788185664889,-0.024059289417019996,-0.40771310942385824,4.0,0.0,1.0,1.0,0.0,0.0,99.6
1.2847315904679484,-1.0403516271959783,-0.9906138768623943,-2.5451443642685696,1.702577320795499,0.8240604005544071,-0.3765872037727232,0.0,1.0,1.0,1.0,0.0,0.0,76.7
0.32998447260974206,-1.603975676786582,-1.159642585722352,0.0533534150522587,0.821031731314836,-0.15727018985297234,0.32887437374079215,1.0,0.0,1.0,1.0,0.0,1.0,76.1
0.12539580449726945,-0.5086308256954082,1.375788047177023,0.1415740186711764,-0.39272683104970785,-0.017267540147979602,0.17934623039968486,2.0,1.0,1.0,0.0,0.0,0.0,92.8
-1.8522946539233003,-0.30657692112519097,-0.31449904142256035,-0.4198298225401137,-1.6257795779238828,-1.8013365867745614,-1.7073080962270843,2.0,0.0,1.0,1.0,0.0,1.0,79.2
1.011946699651318,-0.2427704249451232,1.122244983887085,2.0904473531617973,0.3083244104255749,0.8868069023240647,2.095976926389338,2.0,0.0,1.0,1.0,0.0,0.0,100.0
1.080142922355476,-0.1045230165549753,-2.0893004844521235,0.8954591768691939,2.601031979501535,1.0028840716494838,1.4954768545800772,4.0,0.0,1.0,0.0,0.0,0.0,96.6
0.1935920272014271,-0.891469802775818,0.4461301484472517,1.112000658479263,-0.06893350686402812,-0.06365210049676713,0.6597639730207591,1.0,1.0,1.0,1.0,0.0,0.0,82.1
1.011946699651318,-0.6362438180555453,0.4461301484472517,-1.0534141576214273,0.5812338124874107,0.7411701878845268,0.3281669667941755,0.0,0.0,1.0,0.0,0.0,0.0,85.4
0.46637691801805736,1.309854315436542,-0.9060995224324147,-0.3316092189211971,0.8017572530247636,0.8601029790617016,0.27069015238156785,1.0,0.0,1.0,0.0,1.0,0.0,98.8
-0.14738908631936082,0.9057465062961076,0.27710143958729316,0.630797366012443,-0.2879453412810717,0.0838369091979634,0.11019720136790162,3.0,1.0,0.0,1.0,0.0,0.0,80.9
-0.21558530902351847,0.17197180022532202,-0.06095597813262303,1.0638803292325816,-0.23390157314065196,-0.16413911809097925,0.19924205077328,2.0,0.0,1.0,0.0,0.0,0.0,90.3
-0.761155090656779,-1.5189003485464911,-0.39901339585254,-1.478477065967118,-0.6124599669600653,-1.0062388484830296,-1.0879733144641535,1.0,1.0,1.0,1.0,0.0,1.0,74.5
1.4211240358762638,1.586349132216838,1.7983598193269188,0.11751385404783449,0.35111903676014344,2.026894631895266,1.3638107366410415,2.0,1.0,1.0,1.0,1.0,0.0,100.0
1.1483391450596332,0.7781335139359721,-0.9060995224324147,1.432802853457143,1.4956490083226635,1.407301869033257,1.8809252146178574,0.0,1.0,1.0,0.0,0.0,0.0,96.7
-1.4431173176983547,0.7462302658459367,-1.6667287123022274,1.3285421400893322,-0.9459830122081735,-1.3060791429173726,-1.0764779515816318,2.0,0.0,1.0,1.0,1.0,1.0,80.7
-0.010996640911045524,-0.7638568104156809,0.3616157940172728,-1.7431388768238694,-0.20438506935428227,-0.20789959349490983,-0.6950087556185703,3.0,1.0,0.0,0.0,0.0,0.0,76.0
1.6257127039887365,0.9376497543861431,-0.9060995224324147,-0.5802309200290543,1.9813732370311934,1.975956512377463,1.0908400811153176,2.0,1.0,1.0,0.0,0.0,0.0,96.1
-0.8293513133609366,-0.540534073785442,0.27710143958729316,-0.18724823118115133,-0.8450135628914046,-0.8904703950334764,-0.7915698038317517,1.0,1.0,1.0,1.0,0.0,0.0,71.9
-1.3749210949941972,-2.6036107836076536,1.7983598193269188,2.306988834771867,-1.4709327104709133,-1.6239793160898455,-0.8276475581092034,2.0,0.0,1.0,1.0,0.0,1.0,86.2
-0.4201739771359911,0.9270153383561308,0.27710143958729316,0.061373469926706385,-0.5107726299252048,-0.20049041247413926,-0.35227008998277354,1.0,1.0,0.0,1.0,0.0,0.0,81.7
-1.4431173176983547,-0.09388860052496299,-0.6525564591424774,-1.2458954746081552,-1.193181456720372,-1.3975362211425195,-1.5022485075765655,2.0,0.0,1.0,1.0,0.0,1.0,72.7
-0.35197775443183343,1.4800049719167239,-0.9060995224324147,2.435309712763018,-0.030912853332715245,-0.003684041609898127,0.521377489088865,0.0,1.0,1.0,1.0,0.0,0.0,100.0
-1.238528649585882,0.0018211437451387026,0.5306445028772313,0.2618748417878814,-1.2199053652036702,-1.19007915256092,-1.0595001848628307,1.0,0.0,1.0,1.0,1.0,1.0,86.8
-2.1250795447399304,-0.519265241725419,-0.2299846869925815,-0.22734850555338634,-1.8777323825087167,-2.062818933632619,-1.924482028838415,2.0,1.0,1.0,0.0,0.0,1.0,75.4
-0.14738908631936082,1.022725082626234,-1.2441569401523316,0.04533336017781216,0.3553095801728949,0.11270184359138594,-0.10927580381993306,1.0,1.0,1.0,1.0,0.0,0.0,83.8
1.7621051493970517,0.5760796093657549,-0.14547033256260264,1.1521009328514982,1.5334985383889883,1.9582053495151979,2.3853947934239,1.0,1.0,1.0,1.0,0.0,0.0,100.0
0.39818069531390005,0.5122731131856871,-0.9906138768623943,1.2082413169726274,0.7844098662105513,0.5418169110443967,0.9258374108169697,3.0,0.0,1.0,0.0,1.0,0.0,93.5
-1.3067248722900398,1.586349132216838,-0.9906138768623943,1.3445822498382265,-0.981296777222041,-1.0602641267594877,-0.9210252750626098,2.0,1.0,1.0,1.0,1.0,1.0,93.2
-1.6477059858108274,0.4697354490656409,-0.6525564591424774,-1.0614342124958742,-1.3909406243275384,-1.5434044724889568,-1.6213581522131544,2.0,0.0,1.0,1.0,1.0,1.0,63.7
1.1483391450596332,1.586349132216838,0.10807273072733545,1.5771638411971889,0.8560627521151156,1.71817875602979,1.9652834930018999,1.0,1.0,1.0,0.0,0.0,0.0,100.0
-1.8522946539233003,-0.2853080890651679,-0.4835277502825189,1.0237800548603464,-1.6078377450290224,-1.7999473653331666,-1.5640581895372003,3.0,0.0,1.0,1.0,0.0,1.0,71.2
-0.6929588679526214,0.5654451933357441,0.19258708515731432,-0.3235891640467506,-0.7129088427539197,-0.5582921126022248,-0.711632818864063,1.0,1.0,1.0,1.0,0.0,0.0,84.8
0.12539580449726945,1.1716069070463926,-0.8215851680024359,0.0533534150522587,0.40934958013525397,0.4461149895260989,0.14238421743896176,1.0,0.0,1.0,1.0,1.0,0.0,80.8
-0.2837815317276758,-0.2427704249451232,0.4461301484472517,0.8633789573714065,-0.44819777648570036,-0.32737263745484935,0.05519631126845232,1.0,1.0,1.0,1.0,0.0,0.0,84.5
-1.920490876627458,0.33148804067549303,0.9532162750271271,-0.22734850555338634,-1.7814522377888753,-1.8277317941610594,-1.747276588710929,1.0,0.0,0.0,0.0,1.0,1.0,70.5
-0.48837019984014873,-0.30657692112519097,-0.39901339585254,-0.25140867017672713,-0.3613371945126832,-0.5325143369674578,-0.5145315583629818,4.0,1.0,1.0,0.0,0.0,0.0,73.7
-0.9657437587692517,1.309854315436542,0.19258708515731432,-0.4198298225401137,-0.9389193738311942,-0.7185156521764063,-0.9670067265926957,3.0,1.0,1.0,1.0,0.0,0.0,85.0
0.05719958179311212,-0.3491145852452372,0.8687019205971475,0.41425588440237376,-0.3057998548263002,-0.03640792445163868,0.2274499027696213,1.0,0.0,0.0,0.0,0.0,0.0,73.4
-0.6929588679526214,0.06562763992520801,0.10807273072733545,-1.3902564623482014,-0.6916180264797073,-0.6526048126791274,-1.0174094715391366,3.0,0.0,1.0,0.0,0.0,0.0,80.9
0.39818069531390005,-0.7106847302656238,-0.2299846869925815,0.46237621364905646,0.3736799681226899,0.16904249093683515,0.580445969131361,2.0,0.0,1.0,1.0,0.0,0.0,92.2
-0.8975475360650943,-1.423190604276388,-0.7370708135724562,0.10147374429894139,-0.6401262010350349,-1.0995482219633694,-0.7778637942410528,1.0,1.0,1.0,1.0,0.0,1.0,74.2
-0.07919286361520317,-0.5830717379054883,1.037730629457106,0.42227593927682144,-0.4515838571974345,-0.22210052378472253,0.0982597091437448,1.0,1.0,1.0,1.0,0.0,0.0,96.3
0.8073580315388453,-0.7744912264456932,0.3616157940172728,0.2538547869134337,0.45481233911302477,0.5098648178923197,0.8701291137709041,1.0,0.0,1.0,1.0,0.0,0.0,100.0
0.67096558613053,0.491004281125664,-0.2299846869925815,1.2242814267215216,0.6170758979206794,0.8122520183025528,1.2335594325952395,0.0,0.0,1.0,1.0,0.0,0.0,100.0
2.1030862629178397,-0.2746736730351571,0.7841875661671687,-0.5080504261590314,1.2595471481437905,1.893760910428279,1.530405072569277,2.0,0.0,0.0,0.0,0.0,0.0,89.0
-0.9657437587692517,0.08689647198523111,-0.06095597813262303,-0.6283512492757364,-0.8832601470125026,-0.9137784436613196,-1.017586323275791,3.0,1.0,1.0,1.0,0.0,0.0,76.7
-0.761155090656779,-0.2853080890651679,-1.497700003442269,0.29395506128566873,-0.20438627788044747,-0.7824198384805598,-0.5994203919569873,0.0,1.0,1.0,0.0,0.0,0.0,77.6
1.080142922355476,-0.4767275776053743,0.699673211737189,-0.010807023943317078,0.5242017378241505,0.8624183481306928,0.9758864522901023,2.0,0.0,1.0,1.0,0.0,0.0,88.1
1.8303013721012091,0.650520521575835,0.3616157940172728,0.07741357967559948,1.2788090996971586,2.0620882417439295,1.7131813424013693,3.0,0.0,1.0,0.0,1.0,0.0,99.8
-0.6247626452484637,0.597348441425778,0.699673211737189,-1.6709583829538466,-0.7768458739933276,-0.4822708281703515,-1.0547251879731683,2.0,0.0,0.0,0.0,1.0,0.0,73.5
1.011946699651318,0.6930581856958797,1.122244983887085,-0.8128125113880171,0.3083244104255749,1.2331861150451275,0.4634585453346217,2.0,1.0,1.0,1.0,0.0,0.0,89.5
1.2165353677637911,-0.2640392570051463,-0.6525564591424774,-1.3421361331015194,1.3776877221727903,1.0701841325881574,0.3061489255807308,3.0,0.0,1.0,1.0,1.0,0.0,83.3
-0.6247626452484637,-0.731953562325647,-0.39901339585254,0.47841632339794954,-0.4868985807363741,-0.7427498484318462,-0.4148756047583527,0.0,1.0,1.0,1.0,0.0,0.0,80.2
-0.6247626452484637,-0.14706068067501998,-0.2299846869925815,0.21375451254119873,-0.5390547686197722,-0.6281390795167886,-0.49366305343778877,1.0,0.0,1.0,0.0,0.0,0.0,77.8
-0.6929588679526214,-3.060890672898144,0.10807273072733545,-0.018827078817763625,-0.6916180264797073,-1.2425608514580508,-0.6242680609568989,2.0,1.0,0.0,1.0,0.0,1.0,75.7
-0.010996640911045524,-1.3062120279462632,0.7841875661671687,-1.6067979439582702,-0.33279998215322165,-0.3496001805171635,-0.6408921242023918,3.0,0.0,0.0,0.0,0.0,1.0,64.4
2.3758711537344697,-0.253404840975134,-0.14547033256260264,1.938066310547304,2.0728418044907095,2.1594109216105206,3.6691615497965753,3.0,1.0,1.0,0.0,0.0,0.0,100.0
-1.1021362041775669,1.0014562505662108,1.6293311104669594,0.3420753905323514,-1.272739272244602,-0.913624085723387,-0.9128900951765174,2.0,1.0,1.0,0.0,0.0,0.0,79.1
0.739161808834688,0.491004281125664,2.6435033636267105,1.7054847191883415,-0.3042627533220814,0.881481553465386,1.5579939434873287,2.0,1.0,1.0,1.0,0.0,0.0,100.0
-0.07919286361520317,1.394929643676633,0.9532162750271271,-0.8448927308858051,-0.42968017052414204,0.28033456418633873,-0.39073534270505744,1.0,0.0,0.0,1.0,0.0,0.0,78.2
1.8303013721012091,0.969553002476177,0.10807273072733545,2.0824272982873495,1.4292778552983836,2.207956493090367,3.1058887685530197,3.0,0.0,1.0,1.0,0.0,0.0,100.0
-0.8293513133609366,0.8206711780560167,-0.5680421047124985,-0.7887523467646764,-0.6258395399201638,-0.6533766023687914,-0.9507363668205117,1.0,0.0,1.0,1.0,0.0,0.0,74.1
0.46637691801805736,-0.008813272284872093,-0.5680421047124985,-0.8689528955091465,0.6061028493250344,0.4485847165330228,0.0159352257312246,1.0,0.0,1.0,1.0,0.0,0.0,96.2
0.5345731407222153,0.895112090266097,0.8687019205971475,1.2563616462193088,0.04915263380908704,0.8028361840886564,1.0989752610014096,2.0,1.0,1.0,1.0,0.0,0.0,96.4
1.1483391450596332,0.5867140253957657,-0.2299846869925815,0.47039626852350297,1.0430187750671616,1.33367313263934,1.3185366920575718,0.0,1.0,1.0,1.0,0.0,0.0,88.9
-0.761155090656779,0.6292516895158119,-1.159642585722352,0.8633789573714065,-0.35087423007874036,-0.616485055202867,-0.44246447567640423,2.0,0.0,1.0,0.0,1.0,0.0,87.5
-2.1250795447399304,1.0014562505662108,-0.8215851680024359,-0.7807322918902293,-1.8410132322704857,-2.007635970821665,-1.9549889534112606,2.0,0.0,1.0,1.0,0.0,1.0,63.2
-0.35197775443183343,-0.7744912264456932,0.6151588573072101,-1.1897550904870264,-0.5471676309346492,-0.5109042256568744,-0.7176457779103051,2.0,0.0,1.0,1.0,0.0,0.0,85.2
-1.5113135404025124,-0.8808353867458072,-0.31449904142256035,0.5586168721424195,-1.3167808463503714,-1.5424783248613603,-1.2715454171111904,0.0,1.0,0.0,1.0,0.0,1.0,59.3
0.5345731407222153,0.2676815444954237,0.19258708515731432,-0.19526828605559787,0.3041385470938154,0.6024795806519624,0.3947516456444741,1.0,0.0,1.0,1.0,0.0,0.0,94.0
0.8073580315388453,-0.48736199363538507,-0.2299846869925815,2.435309712763018,0.7387738628196744,0.6098887616727336,2.024617250649377,3.0,0.0,1.0,0.0,1.0,0.0,100.0
-0.14738908631936082,-1.3912873561863541,0.699673211737189,-0.21932845067893864,-0.41255254268443387,-0.4829654388910489,-0.20848962808292684,2.0,1.0,1.0,0.0,0.0,1.0,84.3
-1.6477059858108274,0.969553002476177,-1.8357574211621859,-0.29952899942340866,-1.15019085669657,-1.4998755339919245,-1.520552662320273,3.0,0.0,1.0,0.0,0.0,1.0,71.2
0.1935920272014271,0.6824237696658689,-1.159642585722352,0.11751385404783449,0.6745434861406393,0.3818249083771137,0.23213647379095675,2.0,1.0,0.0,1.0,0.0,0.0,82.1
2.580459821846943,1.44810172382669,-0.39901339585254,-1.3902564623482014,2.463793995520367,3.2646909361778893,1.202433526944104,3.0,1.0,1.0,1.0,0.0,0.0,97.4
2.580459821846943,0.3527568727355161,-0.6525564591424774,-0.24338861530228056,2.696082172887232,2.676432834716226,2.138156065581359,0.0,1.0,1.0,0.0,0.0,0.0,100.0
-0.35197775443183343,0.9057465062961076,0.023558376297355833,-0.5561707554057129,-0.37887864831916934,-0.13288163565960007,-0.5010908263772642,2.0,0.0,1.0,1.0,1.0,0.0,68.0
0.39818069531390005,-1.7315886691467193,-0.4835277502825189,-1.5346174500882472,0.49734060397064284,-0.14214311193556434,-0.34431176183333556,3.0,1.0,1.0,1.0,1.0,1.0,74.0
-0.48837019984014873,1.214144571166439,0.4461301484472517,1.1841811523492864,-0.6107396063235602,-0.2124531526639263,-0.05551287587706293,3.0,0.0,0.0,1.0,0.0,0.0,79.8
0.1935920272014271,-0.8170288905657379,-0.5680421047124985,-1.9436402486850444,0.3467465568523614,-0.04258224196894819,-0.6541560044514553,3.0,1.0,1.0,0.0,0.0,0.0,70.4
-1.3067248722900398,-0.39165224936528187,-1.0751282312923731,1.031800109734793,-0.9594662620496294,-1.304304026631146,-0.9796516257634696,0.0,1.0,1.0,1.0,1.0,1.0,82.0
0.6027693634263727,-0.030082104344895194,0.5306445028772313,0.871399012245853,0.2232025291251299,0.5728428565688766,0.9834026510979049,1.0,0.0,0.0,1.0,0.0,0.0,95.0
0.6027693634263727,1.586349132216838,0.9532162750271271,-0.5561707554057129,0.07097615068501838,1.1007470042988396,0.2751114457979227,4.0,1.0,1.0,1.0,0.0,0.0,91.1
-0.35197775443183343,0.012455559775151009,-0.31449904142256035,1.1521009328514982,-0.2661851590004318,-0.3338556708480243,0.08278518218650417,0.0,0.0,1.0,1.0,0.0,0.0,86.0
-2.1250795447399304,-0.1576950967050323,-0.31449904142256035,0.1816742930434114,-1.8729785631826923,-2.049698508908336,-1.9019334324150075,1.0,1.0,0.0,1.0,1.0,1.0,61.3
-0.4201739771359911,0.6186172734858011,-0.9906138768623943,0.3982157746534795,-0.063129322637093,-0.2676361154748796,-0.24085349589064167,2.0,0.0,1.0,0.0,1.0,0.0,83.2
0.26178824990558475,0.8525744261460507,1.375788047177023,0.670897640384678,-0.29855575401252377,0.5018382051198172,0.5390626627542828,1.0,0.0,1.0,1.0,0.0,0.0,100.0
0.46637691801805736,0.7143270177559028,0.4461301484472517,-0.4679501517867964,0.14778893291978495,0.6742560217906851,0.2060508426344657,1.0,1.0,1.0,1.0,1.0,0.0,90.0
-0.010996640911045524,-1.6996854210566852,-0.31449904142256035,-0.5000303712845843,0.04281357257307988,-0.4524025671803668,-0.20159241035341396,1.0,0.0,1.0,1.0,1.0,1.0,69.2
0.1935920272014271,-1.2211366997061723,0.5306445028772313,-0.49201031641013715,-0.09748811405904778,-0.15696147397710722,-0.029957799930534417,2.0,1.0,1.0,1.0,0.0,1.0,88.1
0.05719958179311212,-0.3491145852452372,-1.3286712945823105,-0.8609328406346993,0.6322870611253514,-0.03640792445163868,-0.2927594805986429,2.0,1.0,1.0,0.0,0.0,0.0,77.0
1.557516481284579,-0.2746736730351571,-0.14547033256260264,-0.25140867017672713,1.3537174496884146,1.3843797152502455,1.2495645147624423,2.0,1.0,1.0,1.0,0.0,0.0,100.0
0.9437504769471605,1.586349132216838,0.8687019205971475,-0.15516801168336286,0.35339762406799025,1.4866418491306836,0.7733912138210687,1.0,0.0,1.0,0.0,1.0,0.0,93.6
0.46637691801805736,0.5229075292156979,-0.9906138768623943,0.7591182440035945,0.8550381319478548,0.614519499810716,0.7878046303583832,3.0,0.0,1.0,0.0,0.0,0.0,92.4
0.1935920272014271,-0.5298996577554312,2.1364172370468357,0.38217566490458643,-0.5233510371445711,0.03868721235263798,0.34594056632792075,2.0,0.0,1.0,0.0,1.0,0.0,88.5
-0.8975475360650943,1.4693705558867132,-0.7370708135724562,0.7831784086269364,-0.6401262010350349,-0.6167165921097659,-0.6049912216615938,2.0,1.0,1.0,1.0,0.0,0.0,87.6
1.011946699651318,-1.561438012666536,-0.31449904142256035,-1.005293828374745,0.9698097672936143,0.39872710258074884,0.3552252825022648,0.0,1.0,1.0,1.0,0.0,1.0,73.2
0.12539580449726945,-0.8170288905657379,1.375788047177023,-1.9677004133083853,-0.39272683104970785,-0.1023187639489176,-0.7043818976612419,0.0,0.0,1.0,1.0,1.0,0.0,71.0
-1.3749210949941972,0.703692601725892,0.19258708515731432,-1.0453941027469802,-1.2779351704471058,-1.2399367665131944,-1.4190397654807745,1.0,0.0,1.0,0.0,0.0,1.0,85.3
0.5345731407222153,-0.8170288905657379,1.375788047177023,0.590697091640208,-0.11021359993815545,0.2561003679308995,0.7760439898708814,3.0,1.0,0.0,0.0,1.0,0.0,92.8
0.39818069531390005,-0.7106847302656238,-1.9202717755921648,1.1922012072237331,1.5095251164129797,0.16904249093683515,0.9184096378774945,1.0,1.0,0.0,0.0,0.0,0.0,82.5
-1.7840984312191428,-1.7209542531167068,-1.497700003442269,0.6388174208868895,-1.3909408880059013,-1.8405435030094766,-1.5336396908326817,1.0,0.0,1.0,1.0,0.0,1.0,57.6
-1.715902208514985,0.1932406322853451,-1.497700003442269,0.04533336017781216,-1.3118372473308708,-1.634552834838238,-1.536999873829111,2.0,0.0,1.0,1.0,0.0,1.0,74.3
-1.3749210949941972,0.703692601725892,-0.9060995224324147,-0.4118097676656671,-1.0717504862795646,-1.2399367665131944,-1.307269467915334,2.0,0.0,1.0,1.0,0.0,1.0,90.4
-0.8293513133609366,0.2464127124354021,-0.06095597813262303,-0.1712081214322571,-0.7651949517630751,-0.753400546149205,-0.7873253621520513,1.0,1.0,1.0,1.0,0.0,0.0,86.0
0.8073580315388453,-0.008813272284872093,0.5306445028772313,0.6869377501335723,0.383547850717219,0.7765953346400906,1.0993289644747184,4.0,0.0,1.0,1.0,0.0,0.0,98.3
0.6027693634263727,-1.1147925394060583,-1.497700003442269,0.2378146771645395,1.3776865356201577,0.21859138901324363,0.6690486891951037,1.0,1.0,1.0,1.0,1.0,1.0,89.5
2.0348900402136816,-0.8063944745357271,0.10807273072733545,-1.0935144319936623,1.6012423862533638,1.575397663442008,1.0483956643183145,2.0,0.0,1.0,1.0,0.0,0.0,89.7
1.489320258580421,-0.9127386348358411,0.5306445028772313,0.8232786829991715,0.9180322560241818,1.0521242538500275,1.8780071609630635,2.0,0.0,1.0,1.0,0.0,0.0,100.0
-0.35197775443183343,-0.5086308256954082,0.7841875661671687,-1.117574596617003,-0.5896301644591915,-0.4510905247079385,-0.6929749606470471,3.0,1.0,1.0,0.0,1.0,0.0,70.2
0.1935920272014271,-0.3278457531852141,-0.7370708135724562,-0.07496746293889286,0.43246586416229976,0.09587682835671732,0.14936986103680183,2.0,0.0,1.0,0.0,0.0,0.0,96.3
-0.35197775443183343,0.1613373841953097,0.8687019205971475,1.232301481595968,-0.6100448450852036,-0.30035999831662047,0.11019720136790162,2.0,0.0,1.0,0.0,0.0,0.0,84.6
-0.761155090656779,1.586349132216838,-0.14547033256260264,0.4543561587746088,-0.6838015555847554,-0.44283237502853706,-0.5552074577934428,2.0,0.0,1.0,1.0,0.0,0.0,84.8
0.8073580315388453,-0.04071652037490599,-0.7370708135724562,0.04533336017781216,1.0357989008358006,0.7654815631089332,0.7597736300986967,2.0,1.0,1.0,0.0,0.0,0.0,95.4
-0.48837019984014873,-0.9871795470459211,-0.4835277502825189,-1.3982765172226481,-0.3319720789686193,-0.6757585033690383,-0.8812336343154197,1.0,1.0,0.0,1.0,0.0,0.0,61.5
-0.2837815317276758,-0.6894158982056023,-1.159642585722352,0.5987171465146546,0.16183462803094983,-0.43110117174564927,-0.038181405684953686,2.0,0.0,1.0,0.0,0.0,0.0,83.9
1.080142922355476,1.44810172382669,1.7983598193269188,-1.326096023352625,0.12891760417099038,1.5888268040421565,0.2217906471966879,4.0,1.0,1.0,0.0,1.0,0.0,90.9
0.26178824990558475,0.756864681875949,-0.39901339585254,-0.18724823118115133,0.3292504297176177,0.47405377629192474,0.16059994631434205,2.0,1.0,1.0,0.0,1.0,0.0,82.4
-0.010996640911045524,0.756864681875949,-0.2299846869925815,-0.7566721272668879,0.008586073425704954,0.18941773874395668,-0.30345901066622016,2.0,0.0,1.0,1.0,1.0,0.0,75.5
-1.0339399814734094,-1.9974490698970042,-0.2299846869925815,1.5049833473271665,-0.9041486633167569,-1.2977438142690048,-0.578286609426813,1.0,1.0,1.0,0.0,1.0,1.0,63.0
-2.1250795447399304,-0.14706068067501998,-0.31449904142256035,0.061373469926706385,-1.8729785631826923,-2.0493126140635045,-1.908565372539539,2.0,0.0,1.0,1.0,0.0,1.0,73.5
1.6257127039887365,1.4906393879467348,-0.2299846869925815,-0.3797295481678787,1.4689616522136437,2.216754895552532,1.2234788836059516,3.0,1.0,1.0,1.0,1.0,0.0,96.8
-0.14738908631936082,0.1507029681652989,0.27710143958729316,2.074407243412903,-0.2879453412810717,-0.10247312188685066,0.6513635155296857,3.0,1.0,1.0,1.0,0.0,0.0,100.0
-1.3067248722900398,1.1184348268963358,-0.4835277502825189,-0.9892537186258514,-1.097491478604861,-1.1179939955463318,-1.3584680456767186,4.0,1.0,1.0,1.0,0.0,1.0,69.5
0.1935920272014271,-1.7315886691467193,1.5448167560369808,0.5746569818913138,-0.3883467312974679,-0.30144050388214955,0.4287071790820757,1.0,1.0,1.0,0.0,0.0,1.0,84.6
1.898497594805367,-0.5937061539354991,1.037730629457106,1.7616251033094696,0.9821707053512605,1.5545593418210883,2.9640536757563702,3.0,0.0,0.0,0.0,1.0,0.0,94.5
-0.010996640911045524,-0.8489321386557733,-0.39901339585254,0.5987171465146546,0.07812765727023553,-0.2301271365572247,0.23452397223578858,0.0,1.0,1.0,1.0,1.0,0.0,86.4
-0.35197775443183343,1.256682235286485,0.10807273072733545,-0.5962710297779479,-0.4050104748880734,-0.05392755040700436,-0.5147968359679628,1.0,1.0,0.0,0.0,0.0,0.0,73.6
-2.1250795447399304,0.06562763992520801,-0.9906138768623943,1.0638803292325816,-1.8288359660696853,-2.041594717166867,-1.8532992048351085,0.0,1.0,1.0,0.0,0.0,1.0,77.1
-0.48837019984014873,0.2038750483153559,-1.497700003442269,-0.6925116882713122,0.11202828481967357,-0.4250812121662725,-0.6555708183446886,1.0,1.0,1.0,1.0,0.0,0.0,82.4
-0.07919286361520317,1.575714716186827,0.5306445028772313,0.013253140680023697,-0.3112818761818331,0.32625605072132846,-0.059580465820109285,2.0,1.0,0.0,1.0,1.0,0.0,72.1
0.8755542542430033,-1.657147756936639,-0.14547033256260264,-0.7887523467646764,0.754447154019835,0.25602318896193266,0.371230364669468,4.0,1.0,0.0,0.0,1.0,1.0,72.2
1.898497594805367,0.6292516895158119,-1.8357574211621859,0.9596196158647696,3.3208837082285103,2.1225965534135627,2.398128118463001,2.0,1.0,1.0,1.0,1.0,0.0,93.7
0.39818069531390005,1.309854315436542,1.71384546489694,0.5746569818913138,-0.2942751483625707,0.7849306632884588,0.6324403797076887,2.0,0.0,0.0,1.0,1.0,0.0,91.7
-0.21558530902351847,1.586349132216838,1.9673885281868766,-0.45191004203790214,-0.7476792208440418,0.17459937670241343,-0.35227008998277387,1.0,0.0,1.0,1.0,0.0,0.0,93.9
1.2165353677637911,0.38466012082555,0.3616157940172728,-0.05892735318999863,0.7844110433466783,1.3244116563633768,1.0701484279267792,0.0,0.0,0.0,1.0,0.0,0.0,86.3
-0.2837815317276758,-0.17896392876505388,-0.06095597813262303,-1.1015344868681094,-0.29293417076536554,-0.3125542754133061,-0.6380624964159253,2.0,0.0,1.0,1.0,0.0,0.0,75.4
-2.1250795447399304,0.863208842176063,-0.9906138768623943,1.1440808779770515,-1.8288359660696853,-2.012652603804479,-1.848877911418754,1.0,0.0,0.0,0.0,1.0,1.0,61.8
-0.14738908631936082,0.544176361275721,-1.0751282312923731,0.6388174208868895,0.2630447706569451,-0.005381978927158397,0.11320368089102224,1.0,0.0,1.0,0.0,1.0,0.0,87.6
1.4211240358762638,-0.4979964096653959,-0.31449904142256035,-0.8609328406346993,1.3406082451818286,1.1646511906029935,0.7488972482944649,3.0,0.0,1.0,1.0,1.0,0.0,89.3
-0.6247626452484637,-1.0190827951359551,-1.2441569401523316,0.4062358295279272,-0.16707301172427233,-0.7990133168083289,-0.4363630907618349,1.0,0.0,1.0,1.0,0.0,0.0,80.7
-0.48837019984014873,-0.8595665546857841,0.023558376297355833,-0.11506773731112786,-0.4952075932505909,-0.6489002221687421,-0.4709376052777271,2.0,1.0,1.0,0.0,0.0,0.0,71.8
-0.07919286361520317,1.256682235286485,-0.5680421047124985,-1.4945171757160123,0.08739026437968786,0.2452181333066412,-0.6414226794123543,2.0,0.0,1.0,1.0,0.0,0.0,81.5
0.05719958179311212,1.586349132216838,1.7983598193269188,-0.3717094932934321,-0.5376866935964697,0.48331525256788904,-0.093182295784403,1.0,0.0,1.0,1.0,1.0,0.0,88.2
1.489320258580421,-0.18959834479506618,0.27710143958729316,0.26989489666232797,1.0490183905837271,1.3565181074533854,1.5241268359180533,2.0,0.0,0.0,1.0,0.0,0.0,88.6
0.32998447260974206,0.1400685521352881,-2.173814838882102,0.14959407354562293,1.6790322673338574,0.36168119747689176,0.37237990095772,3.0,1.0,0.0,1.0,1.0,0.0,75.6
-1.0339399814734094,-1.1679646195561153,0.023558376297355833,0.9435795061158765,-0.9605233729762771,-1.1713246631020926,-0.7082726358676336,3.0,0.0,1.0,1.0,1.0,1.0,76.7
-0.48837019984014873,-0.359749001275248,-0.39901339585254,-0.5080504261590314,-0.3613371945126832,-0.5437052874675812,-0.5965907641705205,2.0,1.0,1.0,0.0,1.0,0.0,79.3
-0.48837019984014873,0.0018211437451387026,0.5306445028772313,-0.5080504261590314,-0.6319725193660111,-0.46760682406674164,-0.5965907641705205,2.0,1.0,1.0,1.0,1.0,0.0,89.5
0.1935920272014271,1.0865315788063017,-0.8215851680024359,0.309995171034563,0.47754239263239756,0.49620414038527205,0.31490308654511234,1.0,0.0,1.0,1.0,0.0,0.0,89.5
1.011946699651318,0.5760796093657549,0.699673211737189,-1.9997806328061731,0.47215983335145106,1.1898887134549956,-0.20397990879824546,3.0,1.0,1.0,0.0,0.0,0.0,82.2
1.080142922355476,-1.2743087798562294,-0.7370708135724562,-1.8153193706938924,1.3039469171351348,0.5614203691618542,-0.058696207136838256,1.0,0.0,1.0,1.0,0.0,1.0,99.1
-1.0339399814734094,-1.1466957874960921,1.2067593383170636,0.7029778598824664,-1.1690640321330217,-1.168083146405505,-0.7639809329136995,1.0,0.0,0.0,1.0,0.0,1.0,65.4
-0.14738908631936082,-1.6677821729666498,-1.159642585722352,-2.2644424436629245,0.3083228732051465,-0.551191647457319,-0.9751419064787883,2.0,0.0,1.0,1.0,0.0,1.0,67.4
-1.6477059858108274,0.4803698650956517,-1.0751282312923731,-0.07496746293889286,-1.3190283304927397,-1.5424783248613603,-1.4908415705623708,3.0,0.0,1.0,0.0,1.0,1.0,78.7
0.05719958179311212,0.7355958498159259,0.699673211737189,-0.29952899942340866,-0.2564268292663363,0.25486550442743744,-0.0637364816314822,3.0,1.0,1.0,1.0,0.0,0.0,100.0
-0.4201739771359911,-0.700050314235613,-1.41318564901229,-0.04288724344110554,0.14460046339461186,-0.5547418800297719,-0.3867561786303386,3.0,0.0,1.0,1.0,0.0,0.0,76.5
-0.4201739771359911,0.04435880786518491,-0.14547033256260264,0.309995171034563,-0.38416640775046584,-0.3926660452003974,-0.2700340324385809,2.0,0.0,1.0,0.0,0.0,0.0,83.6
-1.0339399814734094,-2.88010560038795,1.7983598193269188,-0.6524114138990772,-1.24873127788176,-1.4322667571773853,-1.0778043396065382,2.0,1.0,1.0,1.0,0.0,1.0,57.4
0.05719958179311212,1.586349132216838,0.699673211737189,0.1816742930434114,-0.2564268292663363,0.48331525256788904,0.13256894605465513,1.0,1.0,1.0,1.0,1.0,0.0,82.7
0.9437504769471605,-0.9021042188058302,-0.06095597813262303,-0.15516801168336286,0.7696525864794808,0.5836479122241685,0.7733912138210687,0.0,1.0,1.0,1.0,0.0,0.0,81.1
-1.920490876627458,0.650520521575835,-0.31449904142256035,-0.45191004203790214,-1.6875793242385853,-1.8092088416091308,-1.7670839832161966,2.0,1.0,1.0,0.0,0.0,1.0,76.2
-0.6929588679526214,1.586349132216838,0.699673211737189,-0.3235891640467506,-0.8288877784660267,-0.3656534060621682,-0.711632818864063,3.0,1.0,1.0,0.0,0.0,0.0,91.7
-0.6929588679526214,-0.7213191462956362,-0.4835277502825189,0.41425588440237376,-0.5233519288776796,-0.8010971489704212,-0.5001181418256663,0.0,0.0,1.0,1.0,1.0,0.0,89.9
0.67096558613053,-1.465728268396434,0.10807273072733545,2.074407243412903,0.45481217988682815,0.15900922497120693,1.6647239665581244,2.0,0.0,1.0,1.0,0.0,1.0,100.0
1.6257127039887365,0.0018211437451387026,1.037730629457106,0.9275393963669822,0.7844114553445435,1.5684515562350345,2.0882838758448816,2.0,1.0,1.0,0.0,1.0,0.0,99.5
-0.14738908631936082,0.3421224567055038,-1.8357574211621859,-0.5722108651546072,0.7414176130794254,-0.055239592879432996,-0.3407747271002521,1.0,1.0,1.0,0.0,1.0,0.0,83.1
-0.21558530902351847,-0.6468782340855561,1.291273692747044,0.08543363455004716,-0.6094337899192925,-0.3602508782345226,-0.15676049511158005,2.0,0.0,1.0,1.0,0.0,0.0,79.2
0.26178824990558475,0.2038750483153559,0.3616157940172728,-0.45191004203790214,0.015347400134820064,0.31352152084187745,0.04387780012258492,1.0,1.0,1.0,1.0,0.0,0.0,96.5
-0.48837019984014873,0.10816530404525271,0.023558376297355833,-0.2113083958044921,-0.4952075932505909,-0.44522492306649475,-0.5017098074555539,2.0,1.0,1.0,0.0,0.0,0.0,81.9
0.26178824990558475,-0.14706068067501998,0.6151588573072101,0.06939352480115293,-0.072545470470327,0.21164528180627085,0.273785057773016,3.0,0.0,1.0,1.0,0.0,0.0,83.5
1.080142922355476,-0.01944768831488289,0.4461301484472517,-0.917073224755828,0.6354144224333642,1.0349905227394938,0.45629605000012785,1.0,0.0,0.0,1.0,0.0,0.0,88.9
-2.1250795447399304,0.2676815444954237,-0.14547033256260264,-0.14714795680891632,-1.8823421469219141,-2.0342627151150627,-1.9200607354220605,4.0,1.0,1.0,1.0,0.0,1.0,78.3
-0.761155090656779,-0.4767275776053743,-1.6667287123022274,-0.7005317431457593,-0.12198682384282018,-0.8171503745154258,-0.873540583770963,1.0,1.0,1.0,0.0,1.0,0.0,73.5
1.4211240358762638,0.08689647198523111,-0.2299846869925815,0.3661355551556922,1.2864147048651515,1.4066072583125593,1.520059245975008,3.0,0.0,1.0,0.0,1.0,0.0,95.7
-0.6929588679526214,1.2779510673465067,-0.5680421047124985,-2.6413850227619333,-0.4961613936838271,-0.4238463486628104,-1.3760647934738093,2.0,0.0,1.0,0.0,0.0,0.0,60.0
0.32998447260974206,0.810036762026006,1.037730629457106,-0.20328834093004555,-0.1549449821873601,0.5610344743170222,0.21285963449565137,3.0,0.0,1.0,1.0,1.0,0.0,97.3
-0.010996640911045524,-0.891469802775818,-1.159642585722352,-1.4303567367204364,0.4548111183793436,-0.2412409080883816,-0.5708588364873375,2.0,1.0,1.0,0.0,0.0,0.0,73.1
0.9437504769471605,-1.2530399477962062,-1.2441569401523316,0.7190179696313596,1.5493269330807062,0.45630261342965983,1.255312196203703,1.0,1.0,1.0,0.0,1.0,1.0,84.7
-0.2837815317276758,-0.2959425050951802,0.9532162750271271,0.7270380245058072,-0.5798770668868901,-0.3397212724894684,0.007092638898516207,1.0,0.0,1.0,0.0,0.0,0.0,94.0
1.7621051493970517,0.2676815444954237,-0.7370708135724562,0.46237621364905646,1.9743169578834687,1.8194375633136666,1.9139080635038621,4.0,0.0,1.0,0.0,0.0,0.0,92.7
1.3529278131721059,0.04435880786518491,-2.173814838882102,-0.9892537186258514,3.0915967412692456,1.3230224349219812,0.6175848338287373,2.0,0.0,1.0,1.0,1.0,0.0,89.8
-0.2837815317276758,1.2779510673465067,-0.2299846869925815,1.7616251033094696,-0.2348098563722848,0.025798324535254605,0.37211462335273904,2.0,1.0,0.0,0.0,0.0,0.0,91.4
0.1935920272014271,0.9270153383561308,-0.14547033256260264,0.3661355551556922,0.1551768583512554,0.45105444353994667,0.33904334859840757,2.0,1.0,1.0,0.0,1.0,0.0,82.2
0.9437504769471605,-0.6681470661455792,-0.7370708135724562,-1.0453941027469802,1.1698729089854678,0.668544778087174,0.282627644605725,1.0,1.0,1.0,0.0,0.0,0.0,81.5
0.8073580315388453,1.3311231474965637,-1.9202717755921648,-0.7005317431457593,2.0368826037228627,1.2433737389486885,0.36504055388657175,1.0,0.0,1.0,0.0,0.0,0.0,92.7
-0.5565664225443063,0.5335419452457087,-0.8215851680024359,1.1601209877259446,-0.27257854483618227,-0.4252355701042052,-0.13757208168460217,2.0,0.0,0.0,1.0,0.0,0.0,89.6
-0.4201739771359911,-1.689051005026673,-1.7512430667322063,0.7029778598824664,0.3426066598197948,-0.7700712034459408,-0.1400480059977599,2.0,0.0,0.0,0.0,0.0,1.0,72.8
1.1483391450596332,0.0975308880152419,0.9532162750271271,-0.716571852894653,0.4715012076523468,1.1455108062993333,0.6249241808998861,3.0,0.0,1.0,0.0,0.0,0.0,88.8
0.8073580315388453,0.6930581856958797,-1.3286712945823105,1.7135047740627882,1.4689602480090571,1.0210983083255467,1.6426174994763527,2.0,0.0,0.0,1.0,0.0,0.0,89.2
1.3529278131721059,-0.8702009707157948,-0.39901339585254,-0.40378971279122056,1.3337415195071463,0.9513285203799495,0.979069783549877,2.0,1.0,0.0,1.0,0.0,0.0,79.1
0.46637691801805736,0.2676815444954237,-1.159642585722352,0.8152586281247238,0.9675199764890332,0.5348708038374229,0.8144208167248378,1.0,0.0,1.0,0.0,1.0,0.0,85.2
-0.5565664225443063,-0.48736199363538507,-0.8215851680024359,0.2217745674156464,-0.27257854483618227,-0.6326926386858047,-0.4272552263241452,2.0,1.0,1.0,0.0,0.0,0.0,73.3
-0.14738908631936082,0.7674990979059598,-1.5822143578722478,-1.4544169013437773,0.5624346166466241,0.04972380491482871,-0.6714874746435648,3.0,0.0,1.0,0.0,0.0,0.0,85.3
-0.48837019984014873,-0.572437321875476,0.9532162750271271,0.28593500641122216,-0.7300739632496385,-0.588469089468075,-0.3427200962034479,3.0,1.0,1.0,1.0,1.0,0.0,75.9
-1.7840984312191428,1.4161984757366561,0.19258708515731432,0.02127319555447138,-1.6169509670630178,-1.6128655445586886,-1.6017276094445405,2.0,1.0,1.0,0.0,0.0,1.0,86.5
1.1483391450596332,-0.0832541844949522,-1.5822143578722478,1.697464664313894,2.09607656713644,1.0759725552606347,2.0355820583219355,1.0,1.0,1.0,1.0,0.0,0.0,96.1
0.26178824990558475,0.9482841704161539,0.10807273072733545,0.350095445406798,0.11088311797686752,0.52962263394771,0.3975812734309407,1.0,0.0,0.0,1.0,0.0,0.0,90.9
-0.2837815317276758,-0.8808353867458072,0.7841875661671687,-0.24338861530228056,-0.5382641279979974,-0.4755562578702776,-0.33529232326397246,3.0,0.0,1.0,0.0,0.0,0.0,84.3
2.171282485621997,1.0652627467462787,0.023558376297355833,-1.8072993158194453,1.7732068329121298,2.6187029659293812,0.6122792817291131,1.0,1.0,1.0,1.0,0.0,0.0,80.2
1.557516481284579,-0.11515743258498609,-0.06095597813262303,-0.5722108651546072,1.3009459651019046,1.4526831027854816,1.0408794655105125,1.0,1.0,1.0,0.0,0.0,0.0,96.8
1.1483391450596332,-0.4022866653952942,-0.06095597813262303,-0.4679501517867964,0.9467503793536217,0.9532579946041083,0.7702078825612934,2.0,1.0,1.0,0.0,0.0,0.0,84.4
0.26178824990558475,-1.4550938523664219,-0.5680421047124985,-1.6468982183305052,0.41158562997052955,-0.1680752455082638,-0.48314037510686525,1.0,1.0,0.0,1.0,1.0,1.0,57.8
-0.35197775443183343,-0.39165224936528187,-0.2299846869925815,1.4488429632060373,-0.2956588388217823,-0.42477249629040637,0.18420965315767504,1.0,0.0,1.0,0.0,1.0,0.0,83.2
0.9437504769471605,-0.04071652037490599,2.3054459459067935,-0.23536856042783288,-0.10030056803929506,0.8962227365379624,0.7291782796575242,1.0,0.0,1.0,0.0,0.0,0.0,92.8
-1.5795097631066701,-0.5511684898154529,0.19258708515731432,-0.3155691091723029,-1.4474430687550617,-1.570648648534085,-1.4645790876692253,2.0,0.0,1.0,0.0,0.0,1.0,73.3
-1.3749210949941972,-1.1466957874960921,0.4461301484472517,-0.22734850555338634,-1.3150875356209522,-1.4548030161155654,-1.2747287483709655,1.0,1.0,1.0,1.0,0.0,1.0,88.3
0.39818069531390005,-0.2853080890651679,0.6151588573072101,0.1335539637967287,0.0329261207439673,0.2987031588003349,0.42817662387211314,1.0,0.0,0.0,0.0,0.0,0.0,81.6
1.557516481284579,0.703692601725892,-1.7512430667322063,-0.9892537186258514,2.783037815909927,1.803307158799696,0.7695889014830039,2.0,1.0,1.0,1.0,1.0,0.0,100.0
0.39818069531390005,1.586349132216838,-0.2299846869925815,-0.09100757268778709,0.3736799681226899,0.8692100973997332,0.3241878027194567,3.0,1.0,1.0,0.0,1.0,0.0,85.0
-0.6247626452484637,0.9908218345362001,-0.4835277502825189,0.6628775855102315,-0.4595586455746595,-0.4051690381729488,-0.35996314052722994,1.0,0.0,1.0,1.0,1.0,0.0,75.7
0.12539580449726945,-2.7312237759677904,1.122244983887085,0.3982157746534795,-0.3264583771697806,-0.6302229116788809,0.2868720862854248,0.0,1.0,0.0,0.0,0.0,1.0,74.3
0.32998447260974206,-1.231771115736183,0.19258708515731432,0.02127319555447138,0.13463064878585923,-0.046518369386233424,0.31437253133514975,3.0,1.0,1.0,1.0,1.0,1.0,87.2
-0.2837815317276758,1.256682235286485,0.023558376297355833,0.8874391219947473,-0.32071417585345857,0.0208588705214072,0.06368519462785287,1.0,1.0,0.0,0.0,0.0,0.0,81.2
1.7621051493970517,-0.04071652037490599,0.27710143958729316,-3.074467985982072,1.2718456792278607,1.6806697771121353,-0.5038320282954042,1.0,1.0,1.0,1.0,0.0,0.0,78.8
0.39818069531390005,0.33148804067549303,0.7841875661671687,0.02127319555447138,-0.024603763386057874,0.48671112720240955,0.3761822132957854,1.0,1.0,1.0,1.0,0.0,0.0,89.6
0.8755542542430033,1.586349132216838,0.19258708515731432,-1.6950185475771873,0.5866517109404087,1.4094628801643152,-0.11838366825762335,2.0,1.0,0.0,1.0,1.0,0.0,83.3
-0.9657437587692517,0.5335419452457087,1.037730629457106,-0.2754688348000679,-1.094301419719263,-0.8424650763363949,-0.9319900827351686,4.0,1.0,1.0,1.0,0.0,0.0,84.7
-0.8293513133609366,-0.9021042188058302,-0.9906138768623943,0.37415561003013875,-0.48689891706091537,-0.9534484337100334,-0.643014345042242,2.0,0.0,1.0,0.0,0.0,0.0,72.1
-0.010996640911045524,1.586349132216838,0.19258708515731432,-0.4358699322890079,-0.1478825150607336,0.40613628360152015,-0.17612576027521232,2.0,0.0,1.0,1.0,0.0,0.0,86.0
0.05719958179311212,-1.1679646195561153,1.375788047177023,-0.2113083958044921,-0.4398123695682998,-0.25629080703682344,-0.027747153222357317,0.0,1.0,1.0,1.0,1.0,1.0,77.4
-1.1021362041775669,0.2570471284654129,-0.5680421047124985,0.3581155002812445,-0.8851958323928372,-1.0216746422763032,-0.9093530604434341,0.0,1.0,1.0,0.0,0.0,0.0,75.4
-1.1703324268817246,-0.731953562325647,0.9532162750271271,0.7831784086269364,-1.230730284458799,-1.2255814782854495,-0.8858317794684282,4.0,1.0,1.0,0.0,1.0,1.0,76.8
-0.07919286361520317,1.3842952276466207,0.023558376297355833,1.272401755968203,-0.1462207584563262,0.2776333002725156,0.4263196806372445,1.0,1.0,1.0,0.0,0.0,0.0,100.0
-1.3067248722900398,-0.1683295127350431,-0.9060995224324147,-0.836872676011358,-1.0023613107497749,-1.2767511347101523,-1.329906490207069,3.0,1.0,1.0,1.0,1.0,1.0,46.8
-0.14738908631936082,0.33148804067549303,0.6151588573072101,0.061373469926706385,-0.38896024411320834,-0.05786367782428925,-0.1032628447736912,1.0,1.0,1.0,0.0,1.0,0.0,82.0
0.5345731407222153,-0.9659107149858981,-1.3286712945823105,0.350095445406798,1.164715452778619,0.2085581230476161,0.659321843679124,1.0,0.0,1.0,1.0,0.0,0.0,83.8
-0.4201739771359911,-0.6681470661455792,-0.9906138768623943,-0.0027869690688705332,-0.063129322637093,-0.5477957728227988,-0.37349229838127507,2.0,0.0,1.0,1.0,1.0,0.0,63.7
-1.238528649585882,0.5760796093657549,0.7841875661671687,-0.7727122370157822,-1.2573886384547128,-1.1150611947256095,-1.2648250511183314,1.0,0.0,1.0,1.0,0.0,1.0,81.8
0.8073580315388453,1.182241323076405,-2.0893004844521235,-1.919580084061703,2.2331081891740165,1.1915094718032888,-0.2801145814278691,3.0,0.0,1.0,1.0,1.0,0.0,85.4
0.9437504769471605,0.8419400101160399,2.0519028826168553,-0.25942872505117365,-0.03241987899492721,1.216515457748393,0.715914399408461,3.0,0.0,1.0,1.0,1.0,0.0,90.2
-0.6247626452484637,0.4484666170056178,-0.4835277502825189,1.0638803292325816,-0.4595586455746595,-0.5114444784396388,-0.24058821828566007,2.0,1.0,1.0,1.0,0.0,0.0,93.5
-0.14738908631936082,-0.1364262646450092,1.5448167560369808,1.6573643899416588,-0.6182993676383315,-0.17332341539797733,0.4950265803273924,1.0,0.0,1.0,0.0,0.0,0.0,88.9
0.26178824990558475,0.2995847925854591,-0.31449904142256035,1.0398201646092395,0.29001255783188906,0.34130594966977024,0.7017662604761264,2.0,0.0,1.0,1.0,0.0,0.0,89.2
-0.8975475360650943,1.5650803001568148,-1.3286712945823105,0.3581155002812445,-0.432569722181183,-0.6007405455337281,-0.7127823551523154,2.0,1.0,1.0,1.0,0.0,0.0,88.1
1.557516481284579,0.7249614337859152,0.9532162750271271,-0.7406320175179942,0.771895000377843,1.8124142771377267,0.9313198146532496,3.0,1.0,0.0,1.0,0.0,0.0,98.8
-1.1021362041775669,0.3633912887655269,-0.9060995224324147,-0.4759702066612429,-0.7941937841604049,-1.0062388484830296,-1.093278866563779,1.0,0.0,0.0,1.0,1.0,0.0,58.6
-1.0339399814734094,-1.1998678676461492,-1.159642585722352,0.14959407354562293,-0.6438507204271344,-1.1761869381469738,-0.8921100161196516,0.0,0.0,1.0,1.0,1.0,1.0,69.6
0.8755542542430033,-2.2952127187373232,-0.9906138768623943,0.26989489666232797,1.2788077263716773,0.029117020200808613,0.9431688810090796,2.0,0.0,1.0,1.0,0.0,1.0,87.6
2.2394787083261547,0.0549932238951957,1.291273692747044,-0.18724823118115133,1.1060682153573382,2.1861920238418504,1.8864076184541367,2.0,0.0,1.0,1.0,0.0,0.0,92.2
-0.35197775443183343,1.129069242926348,0.10807273072733545,1.3285421400893322,-0.4050104748880734,-0.08263812686249349,0.1430916243855787,0.0,0.0,1.0,1.0,0.0,0.0,96.3
0.05719958179311212,-0.030082104344895194,-1.3286712945823105,-1.2298553648592614,0.6322870611253514,0.04926073110103055,-0.44326030849134807,4.0,0.0,0.0,1.0,1.0,0.0,58.8
1.2165353677637911,-0.466093161575362,-0.2299846869925815,0.5666369270168672,1.1038677575166593,0.9909985104286632,1.4425981853204781,3.0,0.0,1.0,1.0,1.0,0.0,93.7
0.8073580315388453,-0.3384801692152249,-0.7370708135724562,-0.7245919077691001,1.0357989008358006,0.6617530288181337,0.3523072288474711,2.0,0.0,1.0,0.0,1.0,0.0,85.2
-0.010996640911045524,0.08689647198523111,-1.3286712945823105,-0.6925116882713122,0.5562258623177417,0.014375837128231905,-0.27799236058801885,3.0,0.0,1.0,0.0,1.0,0.0,76.5
-0.4201739771359911,-0.572437321875476,-0.2299846869925815,0.3019751161601164,-0.35650782127128,-0.5269574512018791,-0.27268680848839333,2.0,1.0,1.0,0.0,0.0,0.0,83.6
0.739161808834688,-0.891469802775818,-0.8215851680024359,0.17365423816896372,1.023084892609547,0.4099180530808723,0.7641949235150508,2.0,1.0,1.0,1.0,0.0,0.0,85.3
-0.5565664225443063,0.17197180022532202,-0.06095597813262303,-0.026847133692211308,-0.5290645612642205,-0.49870994856018813,-0.5040088800320582,3.0,1.0,1.0,0.0,0.0,0.0,79.3
-0.21558530902351847,-0.6894158982056023,0.19258708515731432,0.871399012245853,-0.3173904133686895,-0.3704385021380832,0.12920876305822543,2.0,1.0,1.0,0.0,0.0,0.0,92.2
-0.6247626452484637,-0.0726197684649399,2.728017718056689,1.071900384107028,-1.114077077745214,-0.6135522543821447,-0.23820071984082858,2.0,1.0,1.0,0.0,1.0,0.0,81.2
-0.6929588679526214,-0.6043405699655099,1.122244983887085,-1.1095545417425565,-0.912411719565493,-0.7790239638460393,-0.9369419313614857,1.0,1.0,1.0,1.0,1.0,0.0,75.3
-2.1250795447399304,1.586349132216838,-0.31449904142256035,-0.3717094932934321,-1.8729785631826923,-1.9864117543559137,-1.932440356987853,3.0,1.0,1.0,1.0,0.0,1.0,81.1
-0.07919286361520317,0.08689647198523111,1.291273692747044,-0.716571852894653,-0.5141281229594796,-0.051920897213878645,-0.34121685644188743,3.0,0.0,1.0,1.0,0.0,0.0,85.0
0.26178824990558475,-0.700050314235613,0.7841875661671687,0.7671382988780422,-0.12733583630844608,0.051113026356223536,0.5815070795512856,2.0,0.0,1.0,1.0,1.0,0.0,89.5
-0.4201739771359911,0.023089975805161804,0.7841875661671687,-0.8448927308858051,-0.6409962009203855,-0.3972967833383797,-0.6520337836116051,1.0,0.0,1.0,0.0,0.0,0.0,79.8
0.67096558613053,-0.1364262646450092,0.3616157940172728,0.3180152259090095,0.3449461043684732,0.6027882965278275,0.7739217690310306,1.0,0.0,1.0,1.0,0.0,0.0,87.1
2.1030862629178397,-1.4019217722163648,1.2067593383170636,-0.08298751781334054,1.049698352660615,1.3456358728291282,1.8444053309987694,1.0,1.0,1.0,0.0,0.0,1.0,99.9
-0.14738908631936082,0.33148804067549303,-0.39901339585254,0.26989489666232797,-0.047433728953455545,-0.05786367782428925,-0.02509437717254455,1.0,1.0,1.0,0.0,1.0,0.0,81.9
0.67096558613053,1.0439939146862571,-0.9060995224324147,-1.0453941027469802,1.0099247796141335,0.9968641120701073,0.0824314787131957,0.0,0.0,1.0,1.0,0.0,0.0,92.6
-0.761155090656779,-0.412921081425305,-1.2441569401523316,-0.604291084652395,-0.31632518083774874,-0.8055735291704708,-0.8470128232728362,0.0,1.0,1.0,0.0,0.0,0.0,82.6
1.1483391450596332,0.8206711780560167,-0.5680421047124985,-0.604291084652395,1.2544935805067177,1.4236638104541268,0.6905361751985859,2.0,1.0,1.0,1.0,0.0,0.0,91.3
0.26178824990558475,-1.603975676786582,1.2067593383170636,0.791198463501383,-0.2526186992834762,-0.21129546812943073,0.5921181837505363,3.0,0.0,1.0,1.0,0.0,1.0,80.3
1.8303013721012091,-1.0190827951359551,-0.14547033256260264,-0.14714795680891632,1.5934255679558458,1.2987110596975755,1.5571981106723847,0.0,1.0,1.0,0.0,0.0,0.0,100.0
0.05719958179311212,1.309854315436542,0.4461301484472517,-0.2113083958044921,-0.17729472675593422,0.4090690844222425,-0.027747153222357317,1.0,0.0,1.0,1.0,0.0,0.0,97.9
0.9437504769471605,-1.0722548752860122,-0.9060995224324147,1.472903127829378,1.2874814817332936,0.5219047370510733,1.6709137773410212,2.0,0.0,0.0,1.0,1.0,0.0,81.7
0.5345731407222153,-1.3274808600062862,0.5306445028772313,1.9220262007984097,0.16975408859443383,0.09309838547392801,1.4219065321319393,1.0,0.0,1.0,0.0,1.0,1.0,96.4
-0.6929588679526214,1.586349132216838,2.3054459459067935,-0.0027869690688705332,-1.0995053968634112,-0.3656534060621682,-0.6196699158038909,3.0,0.0,1.0,0.0,1.0,0.0,80.1
-0.9657437587692517,1.586349132216838,1.122244983887085,-0.21932845067893864,-1.107729500364064,-0.6743692819276434,-0.9183724990127967,1.0,0.0,1.0,0.0,1.0,0.0,83.4
1.2847315904679484,-1.7209542531167068,-0.06095597813262303,-0.33962927379564367,1.0648155746030494,0.5523904297927893,0.9608540546744976,1.0,1.0,1.0,1.0,1.0,1.0,89.6
0.46637691801805736,0.4591010330356301,-0.2299846869925815,-0.716571852894653,0.43452895057218716,0.594607325817393,0.08817916015445627,1.0,0.0,1.0,0.0,0.0,0.0,93.8
-1.1703324268817246,-1.710319837086696,-0.6525564591424774,-2.8178262299997674,-0.9295025665774838,-1.3604903160386626,-1.640192862166824,1.0,0.0,1.0,0.0,1.0,1.0,53.2
0.5345731407222153,-0.6681470661455792,-0.14547033256260264,-1.0213339381236393,0.4548120061855454,0.3036426128141823,-0.005994389613893243,1.0,1.0,1.0,0.0,0.0,0.0,79.4
-1.5795097631066701,-1.901739325626901,0.4461301484472517,0.751098189129148,-1.477629365458812,-1.6980711262975596,-1.3116907613316886,2.0,1.0,1.0,0.0,0.0,1.0,84.1
0.6027693634263727,-0.4022866653952942,2.728017718056689,-0.7245919077691001,-0.4021435997378879,0.45128598044684554,0.1915490002288233,2.0,0.0,1.0,1.0,1.0,0.0,99.5
-1.238528649585882,-0.3810178333352711,1.037730629457106,1.5450836216994015,-1.2920606697259795,-1.240091124451127,-0.8048336840808146,3.0,0.0,1.0,1.0,0.0,1.0,83.9
-0.010996640911045524,0.491004281125664,-0.6525564591424774,1.3927025790849081,0.19113271652979222,0.11995666667422449,0.5496737669535335,0.0,1.0,0.0,1.0,0.0,0.0,96.3
-0.6247626452484637,1.4906393879467348,-0.06095597813262303,-0.018827078817763625,-0.5880971588889339,-0.3072289265546271,-0.5629005083378992,1.0,0.0,1.0,1.0,1.0,0.0,87.5
-0.5565664225443063,-1.316846443976274,-0.5680421047124985,0.32603528078345717,-0.36648324744749056,-0.8012515069083539,-0.39506821025308475,4.0,1.0,1.0,0.0,0.0,1.0,71.0
-0.9657437587692517,1.075897162776291,0.7841875661671687,-0.7887523467646764,-1.051924492609937,-0.7558702731561289,-1.0564937053397099,1.0,0.0,0.0,1.0,0.0,0.0,72.7
-0.48837019984014873,1.267316651316496,0.6151588573072101,-2.160181730295113,-0.652639222148943,-0.2012622021638025,-1.1248469015565499,1.0,0.0,1.0,1.0,1.0,0.0,79.9
0.39818069531390005,-0.466093161575362,0.4461301484472517,0.3180152259090095,0.09360832297383191,0.2435973749583478,0.5135960126760811,4.0,0.0,1.0,0.0,0.0,0.0,82.2
-1.3067248722900398,0.3740257047955377,0.19258708515731432,1.3445822498382265,-1.2214325376777873,-1.2098369686163106,-0.9210252750626098,1.0,0.0,1.0,0.0,0.0,1.0,84.4
-0.761155090656779,0.7462302658459367,-0.2299846869925815,-0.5561707554057129,-0.6607527335187672,-0.5952608387371153,-0.8337489430237729,1.0,0.0,1.0,1.0,0.0,0.0,84.0
1.1483391450596332,0.91638092232612,0.19258708515731432,0.09345368942449371,0.8126622420176829,1.4604781786510845,1.0982678540547928,1.0,0.0,0.0,1.0,0.0,0.0,99.8
0.67096558613053,1.3842952276466207,0.6151588573072101,-0.4198298225401137,0.2438693031725546,1.1104715543886012,0.3997034942707909,3.0,0.0,1.0,0.0,0.0,0.0,85.8
-1.0339399814734094,-1.8272984134168209,0.19258708515731432,2.3470891091441017,-0.9954220066005128,-1.2718116806963045,-0.38330756976558167,1.0,0.0,0.0,0.0,1.0,1.0,79.7
0.8755542542430033,-1.9974490698970042,0.7841875661671687,-0.34764932867009135,0.33495849184229975,0.1350065656226663,0.6095380798109731,1.0,1.0,1.0,0.0,0.0,1.0,85.1
0.12539580449726945,1.214144571166439,1.4603024016070019,1.633304225318318,-0.4137768117403952,0.45784619280898703,0.8043402677355499,2.0,0.0,1.0,1.0,0.0,0.0,100.0
0.1935920272014271,-0.09388860052496299,0.6151588573072101,1.513003402201613,-0.12528126607747395,0.16209638372986168,0.8321944162585827,2.0,1.0,1.0,1.0,1.0,0.0,97.0
1.080142922355476,0.4059289528855731,-0.06095597813262303,0.3019751161601164,0.8877177817289084,1.195522778189541,1.1552141132574392,0.0,0.0,0.0,0.0,1.0,0.0,90.6
-1.5113135404025124,1.1716069070463926,1.037730629457106,0.4864363782723972,-1.489819919732696,-1.3339407507142316,-1.2826870765204035,1.0,1.0,0.0,1.0,0.0,1.0,79.2
-0.5565664225443063,1.1184348268963358,0.10807273072733545,-0.3717094932934321,-0.576975005843054,-0.30637995789599726,-0.6104736254978734,3.0,0.0,1.0,1.0,0.0,0.0,88.9
-0.14738908631936082,-0.3491145852452372,0.6151588573072101,-0.3797295481678787,-0.38896024411320834,-0.22580511429510783,-0.2686192185453473,1.0,1.0,1.0,0.0,0.0,0.0,70.1
-0.8975475360650943,-0.4979964096653959,-1.5822143578722478,0.2217745674156464,-0.32546335468958504,-0.9451131050616655,-0.7473568696682069,0.0,1.0,1.0,1.0,0.0,0.0,66.7
-0.14738908631936082,-0.09388860052496299,1.291273692747044,-0.9331133345047222,-0.5617809564393861,-0.16282707561855062,-0.47606630564069824,2.0,0.0,1.0,0.0,1.0,0.0,72.1
0.46637691801805736,-0.997813963075932,-2.511872256602019,-0.5802309200290543,2.293620600959069,0.13994601963651404,0.15281846990155842,4.0,1.0,1.0,0.0,0.0,0.0,81.9
-0.35197775443183343,-1.1360613714660799,-1.0751282312923731,-1.0293539929980864,0.04730752959107897,-0.5922508589474271,-0.6628217395475102,3.0,0.0,1.0,1.0,0.0,1.0,73.0
0.26178824990558475,0.4591010330356301,-0.06095597813262303,1.4087426888338024,0.179326610232344,0.3876133310495916,0.8644698581979704,1.0,1.0,1.0,1.0,0.0,0.0,89.5
-0.761155090656779,-1.0084483791059442,-1.41318564901229,-0.716571852894653,-0.2431624962971908,-0.913624085723387,-0.8779618771873173,2.0,0.0,1.0,0.0,1.0,0.0,61.9
-0.4201739771359911,0.6717893536358581,-0.39901339585254,0.5586168721424195,-0.29855650140083767,-0.2560592701299242,-0.1877979748943885,2.0,1.0,1.0,1.0,1.0,0.0,89.4
-2.1250795447399304,0.8844776742360861,0.6151588573072101,-0.7727122370157822,-1.9182983167204692,-2.0118808141148152,-1.954546824069625,1.0,0.0,1.0,1.0,1.0,1.0,69.9
2.512263599142785,0.0762620559552188,0.9532162750271271,-1.0935144319936623,1.4728138500706676,2.4617209430517866,1.395025068160504,1.0,0.0,1.0,1.0,0.0,0.0,99.3
0.67096558613053,0.03372439183517411,-0.14547033256260264,1.0558602743581338,0.5746660653192608,0.6595920176870752,1.148140043791271,2.0,1.0,0.0,1.0,0.0,0.0,88.6
0.6027693634263727,-0.3172113371552033,0.699673211737189,-1.839379535317233,0.1599084065152563,0.4790704092747384,-0.36155480615711794,2.0,0.0,1.0,1.0,0.0,0.0,81.1
0.12539580449726945,-0.7106847302656238,1.8828741737568977,-0.2674487799256213,-0.5120100627598835,-0.07299075574169758,0.007976897581786291,0.0,0.0,1.0,1.0,0.0,0.0,77.9
0.05719958179311212,1.586349132216838,0.19258708515731432,-0.40378971279122056,-0.09137988229141504,0.48331525256788904,-0.10626932429681245,1.0,0.0,1.0,1.0,0.0,0.0,78.0
-0.6247626452484637,0.2995847925854591,1.2067593383170636,0.7190179696313596,-0.8796602428121126,-0.5406181287089261,-0.34325065141341043,3.0,1.0,0.0,1.0,0.0,0.0,82.2
-1.8522946539233003,-0.3278457531852141,-0.9060995224324147,-0.6764715785224179,-1.5574747149880943,-1.8027258082159558,-1.7327747463052863,3.0,0.0,1.0,0.0,0.0,1.0,69.0
0.46637691801805736,0.0018211437451387026,-2.173814838882102,1.2082413169726274,1.8673741971919091,0.45190341219857644,1.000734121290014,1.0,1.0,1.0,1.0,1.0,0.0,100.0
0.39818069531390005,0.1826062162553328,-0.39901339585254,0.06939352480115293,0.4548118159413092,0.4413298934501842,0.3984655321142117,0.0,0.0,0.0,0.0,1.0,0.0,79.4
-1.715902208514985,0.5229075292156979,1.8828741737568977,-0.2113083958044921,-1.6985657275993742,-1.6082348064207064,-1.5681257794802466,1.0,0.0,1.0,1.0,0.0,1.0,85.8
-0.07919286361520317,0.703692601725892,-0.31449904142256035,-0.56419081028016,-0.018986173741622852,0.10475240978784962,-0.28241365400437335,1.0,0.0,1.0,0.0,1.0,0.0,75.4
2.4440673764386274,1.0333594986562449,-2.511872256602019,0.309995171034563,5.312047088767043,2.895621106580713,2.459672522818655,3.0,0.0,1.0,1.0,0.0,0.0,100.0
0.32998447260974206,0.2145094643453667,-1.3286712945823105,-0.684491633396865,0.9365318563557895,0.38383156157023907,-0.004668001588987173,2.0,1.0,1.0,1.0,0.0,0.0,80.3
-0.2837815317276758,0.6079828574557888,2.728017718056689,0.33405533565790374,-0.9163177782987346,-0.12979447690094495,-0.1315591226383597,4.0,1.0,1.0,0.0,1.0,0.0,79.0
-1.1021362041775669,0.6186172734858011,1.8828741737568977,1.3686424144615674,-1.3030471726528774,-0.9691929433791725,-0.6865198722591699,1.0,1.0,1.0,1.0,0.0,0.0,94.6
-1.7840984312191428,-1.0403516271959783,-0.6525564591424774,0.37415561003013875,-1.5227800693989826,-1.7911489628710004,-1.5628202273806213,2.0,1.0,1.0,1.0,1.0,1.0,75.5
-0.14738908631936082,-2.1037932301971183,-1.0751282312923731,0.47841632339794954,0.2630447706569451,-0.6587791301964373,0.05307409042860179,2.0,0.0,1.0,0.0,0.0,1.0,69.8
0.6027693634263727,0.278315960525436,0.699673211737189,0.16563418329451718,0.1599084065152563,0.6735614110699883,0.6332362125226326,0.0,0.0,1.0,1.0,0.0,0.0,80.8
1.1483391450596332,-0.572437321875476,1.291273692747044,0.47039626852350297,0.34362287967883554,0.8878102289206279,1.3185366920575718,4.0,1.0,1.0,0.0,0.0,0.0,89.0
0.67096558613053,0.6824237696658689,-1.0751282312923731,-0.11506773731112786,1.1259937349204092,0.876156204606706,0.5542719121065418,1.0,0.0,1.0,1.0,0.0,0.0,95.5
1.3529278131721059,-0.39165224936528187,0.5306445028772313,0.710997914756913,0.8111353749627892,1.1458195221751988,1.6673767426079371,2.0,1.0,1.0,1.0,0.0,0.0,100.0
-2.1250795447399304,-0.6575126501155669,2.389960300336772,0.029293250428917925,-1.9759780330827483,-2.067835566615433,-1.9103338899060807,2.0,1.0,1.0,1.0,1.0,1.0,63.9
-0.010996640911045524,0.06562763992520801,-0.39901339585254,-2.1040413461739846,0.07812765727023553,0.008818951362653617,-0.8382586623084544,1.0,0.0,1.0,0.0,1.0,0.0,69.4
0.32998447260974206,-0.5937061539354991,-0.14547033256260264,0.1816742930434114,0.2750309174849712,0.14334189427103425,0.386881743363363,3.0,0.0,1.0,1.0,0.0,0.0,85.5
-0.8975475360650943,0.491004281125664,0.4461301484472517,-0.636371304150183,-0.9358232659992796,-0.7800272904426025,-0.964972931621173,3.0,0.0,1.0,0.0,1.0,0.0,74.0
-0.4201739771359911,1.586349132216838,-0.4835277502825189,0.16563418329451718,-0.2681787956655992,-0.056937530196692926,-0.31778400133520884,3.0,0.0,1.0,1.0,1.0,0.0,82.4
1.6939089266928937,1.129069242926348,1.2067593383170636,0.710997914756913,0.7602945633397057,2.1331700721619553,2.0144482757917617,0.0,1.0,1.0,1.0,1.0,0.0,92.9
-0.6247626452484637,-2.699320527877756,-0.06095597813262303,1.1922012072237331,-0.5880971588889339,-1.1282587984188583,-0.2023882431683578,3.0,1.0,0.0,0.0,1.0,1.0,75.6
-0.5565664225443063,0.9589185864461647,-2.6809009654619773,1.1761610974748389,0.8942730055273018,-0.338795124861872,-0.1326202330582851,2.0,0.0,1.0,1.0,0.0,0.0,92.9
1.6257127039887365,-0.7425879783556593,0.6151588573072101,0.06939352480115293,0.9821704416726116,1.2442998865762855,1.52058980118497,3.0,0.0,0.0,0.0,0.0,0.0,89.9
2.3076749310303124,0.7143270177559028,1.2067593383170636,-0.3797295481678787,1.1944002473210695,2.5872139465911035,1.797362769048759,2.0,1.0,1.0,1.0,1.0,0.0,100.0
-1.1021362041775669,-1.6677821729666498,1.122244983887085,0.33405533565790374,-1.2053883907633494,-1.3010625099345583,-0.9146586125430594,4.0,1.0,1.0,1.0,0.0,1.0,78.8
2.580459821846943,0.9376497543861431,1.9673885281868766,0.6147572562635488,1.0343274770468267,2.9905512384093482,2.838312090995249,1.0,0.0,0.0,0.0,0.0,0.0,100.0
1.489320258580421,-0.3172113371552033,0.9532162750271271,-0.05892735318999863,0.7218293682569269,1.3028015450527926,1.3138501210362363,2.0,1.0,1.0,1.0,1.0,0.0,95.7
1.011946699651318,-0.2108671768550893,1.71384546489694,1.336562194963779,0.11023245443606489,0.898615284575919,1.6720633136292726,3.0,0.0,1.0,0.0,0.0,0.0,99.6
-1.0339399814734094,-0.4022866653952942,1.7983598193269188,-1.9436402486850444,-1.24873127788176,-1.054630062024943,-1.376772200420426,2.0,0.0,1.0,0.0,0.0,0.0,74.8
0.1935920272014271,-0.06198535243492909,-1.6667287123022274,1.1761610974748389,1.0316078398686748,0.17112632309892706,0.6873528439388106,1.0,1.0,0.0,0.0,1.0,0.0,78.7
-1.1021362041775669,-0.48736199363538507,1.4603024016070019,-0.0027869690688705332,-1.2513454615899886,-1.1297251988292196,-0.9889363419378142,1.0,0.0,1.0,0.0,1.0,0.0,80.6
-0.14738908631936082,0.756864681875949,0.10807273072733545,0.9034792317436415,-0.2330459439330933,0.047099719969972455,0.21241750515401633,2.0,0.0,1.0,0.0,1.0,0.0,85.0
0.6027693634263727,-0.06198535243492909,-0.8215851680024359,0.6388174208868895,0.8866992676152595,0.5624236957584171,0.8680068929310538,1.0,1.0,1.0,1.0,0.0,0.0,84.9
-1.6477059858108274,0.650520521575835,0.7841875661671687,1.0959605487303687,-1.5655848572218765,-1.5276599628198173,-1.335919449253311,0.0,0.0,1.0,1.0,1.0,1.0,71.0
0.1935920272014271,1.341757563526576,-0.5680421047124985,0.5987171465146546,0.3467465568523614,0.568443655337794,0.4390530056763452,1.0,0.0,1.0,1.0,1.0,0.0,98.2
-0.6247626452484637,0.0975308880152419,-0.39901339585254,-0.5962710297779479,-0.4868985807363741,-0.5802109397886736,-0.73480039636576,1.0,0.0,1.0,1.0,0.0,0.0,83.4
1.1483391450596332,-1.1679646195561153,-0.9060995224324147,0.013253140680023697,1.4956490083226635,0.658743049028445,1.051402143841436,2.0,0.0,1.0,1.0,1.0,1.0,82.2
0.39818069531390005,0.4591010330356301,-0.06095597813262303,0.8072385732502773,0.29739180548177163,0.5256093275614593,0.7401430873300834,2.0,0.0,1.0,1.0,1.0,0.0,100.0
-0.14738908631936082,-0.466093161575362,-0.06095597813262303,0.4463361039001622,-0.17486897551593839,-0.25467004868853005,0.04104817233611807,0.0,0.0,0.0,0.0,0.0,0.0,72.1
0.12539580449726945,-0.2108671768550893,1.037730629457106,0.4864363782723972,-0.3032644196923973,0.06485088283223704,0.32383409924614853,1.0,1.0,1.0,0.0,0.0,0.0,89.5
0.5345731407222153,0.7994023459959937,-1.0751282312923731,-1.0614342124958742,0.9821689075431654,0.7722733123779737,-0.02544808064585271,1.0,0.0,0.0,1.0,0.0,0.0,81.2
-0.761155090656779,0.012455559775151009,-2.934444028751915,-0.764692182141335,0.8143696436739675,-0.7283945602041019,-0.8912257574363807,2.0,1.0,1.0,0.0,0.0,0.0,83.9
-0.8975475360650943,-1.295577611916251,-1.2441569401523316,0.5826770367657614,-0.4655773499512254,-1.0782468265286518,-0.6558360959496699,3.0,1.0,1.0,0.0,0.0,1.0,80.8
1.2847315904679484,-0.8595665546857841,-1.159642585722352,0.5265366526446322,1.8464494475342155,0.8962227365379624,1.4861037125374057,1.0,1.0,1.0,0.0,0.0,0.0,93.4
-0.9657437587692517,0.4803698650956517,-1.8357574211621859,-0.6283512492757364,-0.29036882498020805,-0.8509547629226955,-1.017586323275791,2.0,1.0,1.0,0.0,1.0,0.0,68.3
1.6257127039887365,-1.3487496920663078,-0.9906138768623943,-0.6604314687735243,2.0557186494820177,0.9803478127113044,1.037784560119064,2.0,0.0,1.0,0.0,0.0,1.0,85.5
0.5345731407222153,0.2145094643453667,-0.4835277502825189,-0.1311078470600221,0.6249271705766835,0.5855002074793614,0.4258775512956095,0.0,0.0,1.0,1.0,0.0,0.0,90.5
-1.4431173176983547,0.437832200975607,0.4461301484472517,-1.2699556392314966,-1.3692681455669053,-1.3396519944177427,-1.5062276716512846,1.0,1.0,1.0,0.0,0.0,1.0,80.8
-0.6929588679526214,-0.17896392876505388,0.3616157940172728,0.061373469926706385,-0.7537162430770382,-0.698757836121016,-0.6012773351918559,1.0,0.0,1.0,1.0,1.0,0.0,70.0
1.6257127039887365,0.012455559775151009,-0.14547033256260264,0.20573445766675216,1.413644479255272,1.573082294373017,1.6107841868786015,3.0,1.0,1.0,1.0,0.0,0.0,93.1
-1.5795097631066701,-0.5086308256954082,-0.9060995224324147,0.7992185183758296,-1.2799180128689345,-1.5666353421478338,-1.3047935436021758,2.0,1.0,0.0,1.0,0.0,1.0,71.1
0.12539580449726945,-0.17896392876505388,-0.2299846869925815,1.777665213058364,0.1302840383246995,0.07364928529440315,0.8648235616712785,1.0,1.0,1.0,0.0,0.0,0.0,100.0
0.26178824990558475,0.9801874185061878,0.699673211737189,-0.3636894384189856,-0.10030111584823911,0.5388841102236743,0.08278518218650385,3.0,0.0,0.0,1.0,0.0,0.0,79.3
-0.8293513133609366,0.225143880375379,-0.5680421047124985,-0.5401306456568192,-0.6258395399201638,-0.757105136659591,-0.8849475207851576,1.0,0.0,1.0,1.0,1.0,0.0,65.2
0.05719958179311212,-1.710319837086696,-0.39901339585254,0.2618748417878814,0.1409083503820815,-0.4019275214763616,0.16528651733567815,1.0,0.0,1.0,1.0,0.0,1.0,87.7
0.39818069531390005,-1.0722548752860122,-1.2441569401523316,0.6548575306357838,0.9523182566268006,0.058830923252860254,0.6695792444050663,1.0,1.0,1.0,1.0,0.0,0.0,88.0
0.39818069531390005,0.225143880375379,-1.0751282312923731,-0.25942872505117365,0.8383440801659212,0.4542959602365341,0.24619618685496475,1.0,0.0,1.0,1.0,0.0,0.0,75.3
0.1935920272014271,-0.17896392876505388,-0.39901339585254,1.4247827985826966,0.2664697366057721,0.13801654541235453,0.7942597187462614,2.0,0.0,1.0,0.0,0.0,0.0,78.9
0.5345731407222153,-0.5086308256954082,-0.39901339585254,0.510496542895738,0.5803732021650002,0.3545807323319856,0.7371366078069626,1.0,1.0,0.0,1.0,0.0,0.0,93.3
0.67096558613053,-0.625609402025533,-0.14547033256260264,-0.9411333893791693,0.5746660653192608,0.4394775981949912,0.13531014797279448,0.0,1.0,1.0,1.0,1.0,0.0,80.3
1.1483391450596332,1.586349132216838,0.4461301484472517,-0.15516801168336286,0.6895950323793173,1.71817875602979,0.9529841523933862,3.0,0.0,1.0,1.0,0.0,0.0,100.0
2.4440673764386274,-1.093523707346035,-1.7512430667322063,-0.9090531698813814,3.8770241962261935,1.7842439534650014,1.491939819846993,1.0,1.0,1.0,1.0,0.0,1.0,89.9
-0.21558530902351847,1.394929643676633,-0.9906138768623943,-0.45993009691234926,0.14875547457481786,0.1287550691363906,-0.3551881436375679,4.0,1.0,1.0,0.0,1.0,0.0,82.9
-0.5565664225443063,0.1826062162553328,-1.3286712945823105,1.6493443350672123,-0.05226372814313501,-0.49654893742913003,0.013459301418066224,1.0,1.0,1.0,0.0,1.0,0.0,94.6
-1.7840984312191428,1.288585483376519,0.19258708515731432,-0.6604314687735243,-1.6169509670630178,-1.6221270208346528,-1.676889597522566,1.0,1.0,1.0,1.0,0.0,1.0,80.8
1.2165353677637911,1.586349132216838,-0.9060995224324147,1.0959605487303687,1.5650381838524534,1.7953577249961592,1.7577479800382225,1.0,0.0,0.0,0.0,0.0,0.0,97.4
-0.21558530902351847,-1.901739325626901,-0.9060995224324147,1.0398201646092395,0.10786549772686428,-0.6607857833895626,0.1904878898088982,2.0,1.0,1.0,1.0,0.0,1.0,81.4
0.05719958179311212,0.3102192086154699,-0.7370708135724562,0.8152586281247238,0.2983918560126334,0.14064063035721147,0.39103775917473593,4.0,0.0,1.0,1.0,0.0,0.0,98.3
1.7621051493970517,1.4800049719167239,-0.9060995224324147,0.08543363455004716,2.1201515880907733,2.3649385159679617,1.6562350831987247,1.0,1.0,1.0,1.0,0.0,0.0,100.0
0.9437504769471605,1.3523919795565869,1.375788047177023,-0.4118097676656671,0.17229963117339606,1.4017449832676778,0.6319098244977263,2.0,1.0,1.0,0.0,0.0,0.0,91.3
1.080142922355476,-0.2746736730351571,0.27710143958729316,-0.796772401639123,0.7147774576175276,0.938671169469465,0.525268227295257,3.0,0.0,1.0,1.0,0.0,0.0,93.3
-1.5113135404025124,1.586349132216838,-0.9906138768623943,0.029293250428917925,-1.193181574433952,-1.2918010336585943,-1.3532509194454203,0.0,1.0,0.0,1.0,0.0,1.0,72.3
-0.5565664225443063,-1.923008157686924,-0.06095597813262303,-0.3235891640467506,-0.5290645612642205,-0.9244291413786787,-0.5956180796189225,3.0,0.0,1.0,0.0,0.0,1.0,79.2
0.739161808834688,0.895112090266097,0.3616157940172728,-1.6468982183305052,0.3998792217407492,1.0193231920393204,-0.17922066566666045,2.0,0.0,1.0,1.0,0.0,0.0,83.8
-0.35197775443183343,-0.0513509364049183,-0.2299846869925815,-0.5802309200290543,-0.2956588388217823,-0.34821095907576904,-0.5093144321316835,1.0,1.0,1.0,1.0,0.0,0.0,87.3
-1.715902208514985,-0.8276633065957502,0.6151588573072101,-0.4278498774145614,-1.6018835430775875,-1.7160538260667237,-1.5943882623733918,3.0,1.0,1.0,1.0,0.0,1.0,73.2
0.6027693634263727,-0.04071652037490599,-2.7654153198919564,-1.0854943771192151,2.9032523898790146,0.5693698029653905,0.012486616866468313,2.0,1.0,0.0,0.0,1.0,0.0,61.8
-0.8293513133609366,-0.4022866653952942,0.9532162750271271,0.3982157746534795,-0.9804021238542188,-0.8663905567159693,-0.6366476825226917,1.0,1.0,1.0,1.0,0.0,0.0,82.6
-0.6247626452484637,1.309854315436542,-0.7370708135724562,1.4408229083315895,-0.3719781847357011,-0.34265407331019004,-0.12837579137858438,2.0,1.0,1.0,1.0,0.0,0.0,87.8
0.39818069531390005,-0.2746736730351571,-0.2299846869925815,-1.678978437828293,0.3736799681226899,0.30194467549692205,-0.4111617182886148,0.0,0.0,0.0,1.0,1.0,0.0,68.0
0.6027693634263727,0.5335419452457087,-0.9906138768623943,-0.9010331150069343,0.9962946634224622,0.7569146975536664,0.10400739058500538,2.0,1.0,1.0,0.0,0.0,0.0,94.0
-0.6929588679526214,-0.09388860052496299,-0.14547033256260264,-0.07496746293889286,-0.6238745260178975,-0.6827046105760114,-0.6403615689924292,1.0,0.0,1.0,0.0,1.0,0.0,81.1
0.05719958179311212,-1.6252445088466052,-1.8357574211621859,0.22979462229009295,0.999364222594334,-0.3790825466623166,0.1521994888232687,1.0,0.0,0.0,1.0,0.0,1.0,80.9
-1.4431173176983547,-1.6784165889966622,-0.39901339585254,0.9596196158647696,-1.2402668980785208,-1.570031216782354,-1.1374918007273236,1.0,0.0,1.0,0.0,1.0,1.0,64.7
-0.2837815317276758,-0.700050314235613,0.27710143958729316,-1.20579520023592,-0.39935898560313826,-0.4335708987525728,-0.674847657639994,1.0,0.0,1.0,1.0,0.0,0.0,86.0
-1.5113135404025124,0.7249614337859152,0.699673211737189,-0.5481507005312664,-1.4533906321384162,-1.3793219844664566,-1.4423841947191263,3.0,0.0,1.0,1.0,1.0,1.0,73.0
-0.14738908631936082,0.3208536246454807,-0.9060995224324147,-1.7431388768238694,0.17725467325665425,-0.060487762769146185,-0.7797207374759217,2.0,1.0,1.0,0.0,1.0,0.0,80.8
0.12539580449726945,-0.6894158982056023,-0.31449904142256035,0.8473388476225122,0.16641306520248406,-0.06712515410025385,0.47504233408547036,2.0,1.0,1.0,0.0,0.0,0.0,100.0
-1.715902208514985,-1.1254269554360692,-0.7370708135724562,0.10949379917338793,-1.4445702499330362,-1.7398249485083652,-1.5292183974163276,3.0,0.0,1.0,1.0,1.0,1.0,73.9
0.46637691801805736,1.586349132216838,-0.2299846869925815,-0.4679501517867964,0.43452895057218716,0.9463890663661018,0.2060508426344657,1.0,1.0,1.0,0.0,0.0,0.0,87.7
-1.0339399814734094,1.586349132216838,0.6151588573072101,-0.09902762756223363,-1.0745255870061183,-0.7515482508940123,-0.9496752564005865,1.0,1.0,1.0,1.0,1.0,0.0,75.3
-0.07919286361520317,-1.795395165326787,0.3616157940172728,-0.5080504261590314,-0.25931818672655804,-0.5300446099605338,-0.2607493162642368,2.0,1.0,1.0,1.0,0.0,1.0,66.7
-0.8293513133609366,-0.9021042188058302,0.8687019205971475,-0.8288526211369114,-0.9649973337205908,-0.9534484337100334,-0.9613474710197624,3.0,1.0,1.0,1.0,0.0,0.0,79.4
-0.2837815317276758,-1.4550938523664219,-0.06095597813262303,-0.05090729831555208,-0.29293417076536554,-0.6089215162441627,-0.2673812563887681,2.0,1.0,1.0,1.0,1.0,1.0,83.1
-0.9657437587692517,-1.7528575012067422,-0.9060995224324147,-0.9090531698813814,-0.6554154331008248,-1.2075215995473196,-1.0856742418876495,1.0,0.0,1.0,1.0,0.0,1.0,81.2
0.8073580315388453,-0.700050314235613,-0.6525564591424774,-0.8930130601324872,0.9821693869584571,0.5357969514650199,0.26317395357376555,3.0,0.0,1.0,0.0,0.0,0.0,91.2
-0.14738908631936082,0.1826062162553328,-0.4835277502825189,-0.08298751781334054,-0.013005662453518375,-0.09460086705228088,-0.1573794761898698,1.0,0.0,0.0,0.0,1.0,0.0,67.6
-1.8522946539233003,0.5122731131856871,-0.39901339585254,-0.22734850555338634,-1.616951056749594,-1.7478515612808676,-1.6882081086684333,3.0,1.0,1.0,0.0,0.0,1.0,72.6
0.12539580449726945,0.7143270177559028,0.699673211737189,-1.7752190963216572,-0.20438492479363737,0.3200045542350524,-0.6237375057469366,1.0,1.0,1.0,1.0,0.0,0.0,77.6
0.67096558613053,0.650520521575835,1.5448167560369808,-0.7486520723924414,-0.06641304042025935,0.8655055068893472,0.23293230660590028,2.0,1.0,1.0,0.0,0.0,0.0,94.9
-0.35197775443183343,-0.3810178333352711,0.023558376297355833,-0.05090729831555208,-0.37887864831916934,-0.42237994825244934,-0.3283951055344596,3.0,1.0,1.0,1.0,0.0,0.0,77.0
-1.1703324268817246,1.586349132216838,0.3616157940172728,-1.3902564623482014,-1.1382480646829676,-0.9059061888267501,-1.3411365754846094,2.0,0.0,1.0,1.0,1.0,1.0,78.2
-0.2837815317276758,-0.5830717379054883,-1.159642585722352,0.7190179696313596,0.16183462803094983,-0.4064039016764109,0.004263011112048729,1.0,1.0,1.0,1.0,0.0,0.0,84.9
-1.238528649585882,-0.030082104344895194,-0.31449904142256035,-0.5481507005312664,-1.069581861091562,-1.1942468168851041,-1.220258413481479,0.0,0.0,1.0,1.0,0.0,1.0,81.6
0.1935920272014271,-0.1683295127350431,1.291273692747044,1.6573643899416588,-0.3235167890398541,0.1410265252020431,0.894269375824199,2.0,0.0,1.0,1.0,1.0,0.0,82.8
-0.010996640911045524,0.437832200975607,0.9532162750271271,0.03731330530336447,-0.3796145384032261,0.10606445226027791,0.011690784051524168,2.0,1.0,1.0,0.0,1.0,0.0,91.0
0.8073580315388453,0.03372439183517411,-0.31449904142256035,-0.05090729831555208,0.7844105283495075,0.7914136966816331,0.7088403299422934,1.0,1.0,1.0,1.0,0.0,0.0,97.5
2.4440673764386274,-0.9340074668958642,-0.8215851680024359,0.9515995609903231,2.7279052050381374,1.8675972399486802,2.969005524382687,2.0,1.0,1.0,0.0,0.0,0.0,100.0
0.6027693634263727,-2.008083485927015,-1.497700003442269,-0.5080504261590314,1.3776865356201577,-0.07314511367962996,0.298986430246236,1.0,1.0,1.0,0.0,0.0,1.0,72.7
2.1030862629178397,0.3527568727355161,0.27710143958729316,1.0077399451114524,1.5503797900330272,2.198849374752336,2.650141843195204,0.0,1.0,0.0,1.0,0.0,0.0,99.5
-0.48837019984014873,-0.2108671768550893,0.4461301484472517,-0.9491534442536165,-0.6107396063235602,-0.5123706260672355,-0.7376300241522276,1.0,1.0,1.0,1.0,0.0,0.0,80.0
0.1935920272014271,-0.2108671768550893,0.27710143958729316,-1.2298553648592614,-0.009411230475905348,0.12898660604328951,-0.3472298154881296,0.0,0.0,1.0,0.0,1.0,0.0,86.3
-0.010996640911045524,-0.3278457531852141,0.8687019205971475,1.2162613718470738,-0.3565073532027842,-0.09398343530054999,0.47964047923847897,0.0,1.0,1.0,0.0,0.0,0.0,80.2
-0.9657437587692517,-0.4022866653952942,-0.14547033256260264,-0.8208325662624643,-0.8635826442853292,-0.9918835602552848,-1.0642751817524936,3.0,0.0,1.0,1.0,0.0,0.0,75.5
-0.2837815317276758,0.3102192086154699,-0.5680421047124985,-0.6443913590246301,-0.10712695497481704,-0.19894683309481137,-0.4767737125873149,2.0,1.0,1.0,0.0,0.0,0.0,76.6
0.8073580315388453,-0.4235554974553173,-0.4835277502825189,-1.9997806328061731,0.8801003037887634,0.6321163047350479,-0.32255899822487183,2.0,0.0,1.0,1.0,0.0,0.0,80.7
0.26178824990558475,-0.5511684898154529,0.27710143958729316,2.3871893835163367,0.046295591685127924,0.09433324897739012,1.2959880956341647,4.0,0.0,1.0,0.0,0.0,0.0,98.9
0.39818069531390005,-0.8063944745357271,-1.3286712945823105,0.8473388476225122,1.0125930551633997,0.1398688406675475,0.7587125196787722,2.0,0.0,1.0,1.0,0.0,0.0,96.4
-0.35197775443183343,-0.48736199363538507,-1.9202717755921648,0.2618748417878814,0.54270305634486,-0.4463054286320235,-0.22148823072700877,1.0,1.0,1.0,1.0,1.0,0.0,65.4
1.489320258580421,0.8313055940860291,-1.0751282312923731,1.5771638411971889,1.9889426991838732,1.7862506066581278,2.3601049950823523,4.0,1.0,1.0,0.0,1.0,0.0,100.0
-0.761155090656779,0.3740257047955377,0.8687019205971475,0.14959407354562293,-0.9142898353441068,-0.6627924365826884,-0.6392120327041773,4.0,0.0,1.0,0.0,0.0,0.0,79.9
2.2394787083261547,-0.3491145852452372,0.10807273072733545,-0.4679501517867964,1.7732069172083444,1.9838287672120314,1.6728591464442177,0.0,1.0,1.0,1.0,1.0,0.0,91.6
1.4211240358762638,1.586349132216838,-0.6525564591424774,-0.34764932867009135,1.5754468897799565,2.026894631895266,1.0714748159516851,3.0,0.0,1.0,1.0,1.0,0.0,92.5
0.26178824990558475,1.3311231474965637,0.7841875661671687,-1.6228380537071645,-0.12733583630844608,0.6407603492592813,-0.47252927090761476,1.0,0.0,1.0,1.0,0.0,0.0,100.0
-1.715902208514985,-1.412556188246377,-0.2299846869925815,-0.0027869690688705332,-1.5126384878117316,-1.7627471022913768,-1.542835981138699,2.0,1.0,1.0,1.0,1.0,1.0,69.5
1.8303013721012091,1.586349132216838,-0.9060995224324147,0.47039626852350297,2.1895407636205624,2.4899684456934783,1.9861519979270932,1.0,0.0,1.0,1.0,1.0,0.0,100.0
0.39818069531390005,1.586349132216838,0.27710143958729316,-0.3235891640467506,0.15770923600719491,0.8692100973997332,0.21648509509706237,4.0,1.0,0.0,1.0,1.0,0.0,93.1
-0.5565664225443063,-1.1998678676461492,0.4461301484472517,0.2378146771645395,-0.6649202162695135,-0.7774803844667125,-0.42230337769782844,1.0,0.0,1.0,0.0,1.0,1.0,77.7
-0.761155090656779,-0.04071652037490599,-3.018958383181894,1.6413242801927648,0.9080051928888188,-0.7380419313248977,-0.22803174498321382,2.0,1.0,0.0,0.0,0.0,0.0,83.9
0.5345731407222153,1.586349132216838,-0.7370708135724562,0.6869377501335723,0.7676508845364675,1.023568035332471,0.8227328483475843,1.0,1.0,1.0,0.0,0.0,0.0,97.6
-0.5565664225443063,-3.1140627530482012,-0.39901339585254,0.5185165977701846,-0.4241178876245288,-1.1664623880572114,-0.33564602673728094,2.0,1.0,1.0,1.0,1.0,1.0,61.1
2.0348900402136816,0.5654451933357441,1.122244983887085,0.005233085805577151,1.0407660884202157,2.232499405221672,1.847942365731853,3.0,0.0,1.0,1.0,1.0,0.0,100.0
2.2394787083261547,0.2570471284654129,0.4461301484472517,-2.8980267787442373,1.5564847915145692,2.2873736521567603,-0.17586048267023105,1.0,1.0,1.0,0.0,1.0,0.0,88.6
1.3529278131721059,-0.1045230165549753,0.5306445028772313,-2.1682017851695603,0.8111353749627892,1.262514123252348,-0.11033691423985817,1.0,0.0,0.0,1.0,1.0,0.0,76.1
0.12539580449726945,0.9482841704161539,-0.31449904142256035,1.7696451581839174,0.16641306520248406,0.38452617229093683,0.8614633786748488,0.0,0.0,1.0,1.0,0.0,0.0,100.0
-0.14738908631936082,-0.14706068067501998,0.3616157940172728,-1.1737149807381322,-0.31425130409883356,-0.17594750034283393,-0.566260691334329,1.0,1.0,1.0,1.0,0.0,0.0,80.7
-1.1021362041775669,-0.700050314235613,-0.4835277502825189,-0.6604314687735243,-0.9061116286958005,-1.1605967864157671,-1.13395476599424,3.0,0.0,1.0,1.0,0.0,0.0,80.5
0.26178824990558475,0.437832200975607,1.4603024016070019,0.21375451254119873,-0.32071362842377354,0.3814390135322821,0.3374516829685199,1.0,0.0,1.0,1.0,1.0,0.0,86.3
-0.2837815317276758,1.1503380749863712,0.023558376297355833,-1.2458954746081552,-0.32071417585345857,-0.0038383995478308477,-0.6889957965723282,2.0,0.0,1.0,0.0,0.0,0.0,85.1
0.8755542542430033,-1.050986043225989,0.9532162750271271,-1.1015344868681094,0.27123867916868283,0.4715840492850009,0.20224853029640125,2.0,0.0,1.0,1.0,0.0,0.0,78.8
-0.35197775443183343,-1.8911049095968901,1.2067593383170636,0.6789176952591246,-0.6867243832648399,-0.7621217696424049,-0.07894573098374187,2.0,0.0,1.0,1.0,0.0,1.0,82.8
-1.1021362041775669,-0.3810178333352711,1.71384546489694,-0.836872676011358,-1.2830715107592359,-1.114289405035946,-1.172862148058159,0.0,1.0,1.0,1.0,1.0,0.0,70.6
-1.5113135404025124,0.5229075292156979,-0.4835277502825189,1.0157599999858988,-1.2888713285139215,-1.3998515902115107,-1.2009815741861734,2.0,1.0,1.0,1.0,0.0,1.0,73.6
-0.21558530902351847,1.3523919795565869,0.699673211737189,0.061373469926706385,-0.464594447157133,0.11856744523282932,-0.16551465607596186,1.0,1.0,1.0,0.0,1.0,0.0,85.1
1.2165353677637911,-0.7106847302656238,0.10807273072733545,-0.13912790193446864,0.9133842624334426,0.8951422309724337,1.022398459030152,2.0,1.0,0.0,0.0,0.0,0.0,93.3
1.011946699651318,0.5122731131856871,1.122244983887085,0.4463361039001622,0.3083244104255749,1.166271948951287,1.1714844730296226,4.0,0.0,1.0,1.0,0.0,0.0,100.0
1.489320258580421,0.7674990979059598,-0.06095597813262303,-0.04288724344110554,1.2419133674771903,1.7593923254578303,1.324107521762178,1.0,1.0,1.0,1.0,1.0,0.0,93.4
0.9437504769471605,0.1932406322853451,-1.5822143578722478,2.435309712763018,1.8539225749538377,0.9811196024009676,2.201468987303555,0.0,1.0,1.0,1.0,0.0,0.0,100.0
-0.21558530902351847,1.203510155136428,0.6151588573072101,1.6413242801927648,-0.4416960397203553,0.08291076157036742,0.4093419139184431,1.0,0.0,1.0,0.0,0.0,0.0,97.8
1.1483391450596332,-0.944641882925875,1.8828741737568977,0.991699835362558,0.14718752881761152,0.7446432414880135,1.6231638084443927,3.0,0.0,1.0,0.0,0.0,0.0,100.0
-0.010996640911045524,1.501273803976747,-0.8215851680024359,0.22979462229009295,0.27296395514096683,0.383908740539206,0.08809073428612939,2.0,1.0,1.0,1.0,0.0,0.0,88.6
-0.6929588679526214,-0.4448243295153389,0.5306445028772313,0.19771440279230448,-0.7923178409580997,-0.7489241659491558,-0.5621931013912829,1.0,0.0,1.0,1.0,0.0,0.0,78.8
0.32998447260974206,0.5016386971556748,0.4461301484472517,1.1681410426003922,0.039427713027878425,0.46926868021600937,0.8328133973368722,0.0,1.0,1.0,1.0,0.0,0.0,100.0
-0.010996640911045524,-1.0297172111659658,-0.9060995224324147,-0.836872676011358,0.3160330243162342,-0.277360665564642,-0.33529232326397246,3.0,0.0,1.0,0.0,0.0,0.0,79.6
-0.2837815317276758,-1.189233451616137,-0.6525564591424774,-0.2674487799256213,-0.07254617361309623,-0.5471783410710676,-0.343781206623373,1.0,1.0,1.0,1.0,0.0,1.0,75.7
-0.07919286361520317,-0.5830717379054883,-0.4835277502825189,1.7054847191883415,0.05078762084950172,-0.22210052378472253,0.593444571775443,1.0,0.0,1.0,1.0,0.0,0.0,91.4
0.739161808834688,0.5760796093657549,0.19258708515731432,1.5771638411971889,0.4736464454017711,0.9105008457967403,1.4914976905053574,1.0,1.0,1.0,1.0,0.0,0.0,99.0
0.1935920272014271,-0.0832541844949522,-0.4835277502825189,0.670897640384678,0.3059607540615821,0.1651063635195499,0.47009048545915333,0.0,1.0,1.0,1.0,0.0,0.0,91.2
1.011946699651318,0.895112090266097,-0.4835277502825189,-1.0935144319936623,1.071480153697824,1.3079725359735395,0.3056183703707676,1.0,1.0,1.0,1.0,0.0,0.0,92.2
-1.3749210949941972,-0.9765451310159089,0.5306445028772313,2.435309712763018,-1.3268022462650628,-1.4350452000601748,-0.8050105358174691,1.0,0.0,1.0,0.0,0.0,1.0,92.6
-0.010996640911045524,0.41656336891558393,0.10807273072733545,1.633304225318318,-0.1184029232964397,0.10050756649469963,0.6451737047467895,0.0,1.0,1.0,1.0,0.0,0.0,81.4
-0.14738908631936082,1.1928757391064158,-0.14547033256260264,-1.3742163525993072,-0.1444582894830342,0.15468720270909006,-0.6414226794123543,3.0,1.0,0.0,0.0,0.0,0.0,75.3
-0.010996640911045524,0.08689647198523111,0.19258708515731432,-0.5401306456568192,-0.1478825150607336,0.014375837128231905,-0.21750906665229025,1.0,0.0,1.0,0.0,0.0,0.0,91.7
-2.1250795447399304,-0.0513509364049183,-1.0751282312923731,0.8553589024969588,-1.8224152263130937,-2.0458395604600175,-1.8647945677176299,2.0,0.0,1.0,1.0,0.0,1.0,67.2
0.5345731407222153,-0.253404840975134,-0.06095597813262303,0.24583473203898717,0.4154570007311988,0.4360817235604717,0.6087422469960295,2.0,0.0,1.0,0.0,0.0,0.0,90.3
0.32998447260974206,-1.3062120279462632,0.3616157940172728,0.6628775855102315,0.07028051750709516,-0.06866873347958141,0.6044093794480015,3.0,1.0,1.0,1.0,0.0,1.0,92.1
-1.6477059858108274,0.8525744261460507,0.5306445028772313,0.7751583537524888,-1.540596008387848,-1.5100631578954855,-1.3783638660503137,0.0,0.0,1.0,0.0,0.0,1.0,85.0
1.080142922355476,-0.14706068067501998,0.023558376297355833,-0.3316092189211971,0.8425752734607573,0.9868308461044794,0.7919606461697574,4.0,1.0,1.0,0.0,0.0,0.0,93.9
-0.2837815317276758,-0.2853080890651679,-2.0893004844521235,0.7671382988780422,0.7614130278639433,-0.3372515454825445,0.021240777830850134,1.0,1.0,1.0,1.0,1.0,0.0,79.9
-1.4431173176983547,0.41656336891558393,-0.4835277502825189,-0.8208325662624643,-1.2250780452109016,-1.341967363486734,-1.4319499422565296,3.0,1.0,1.0,0.0,0.0,1.0,74.5
0.12539580449726945,-0.14706068067501998,-0.4835277502825189,0.710997914756913,0.24216747075856201,0.08244768775656926,0.4179192231461712,2.0,1.0,0.0,0.0,0.0,0.0,90.9
-1.6477059858108274,0.3952945368555608,0.10807273072733545,-0.4278498774145614,-1.4941191709362827,-1.5498875058821318,-1.5375304290390739,0.0,0.0,1.0,1.0,0.0,1.0,68.2
-0.6929588679526214,1.586349132216838,-1.6667287123022274,-0.2754688348000679,-0.03958720500628462,-0.3656534060621682,-0.6978383834050372,2.0,1.0,1.0,0.0,0.0,0.0,91.7
0.39818069531390005,0.6186172734858011,1.5448167560369808,-0.03486718856665785,-0.25037514949294976,0.5742320780102714,0.3501850080076212,0.0,1.0,0.0,1.0,0.0,0.0,92.4
-1.3749210949941972,1.586349132216838,-0.9906138768623943,0.08543363455004716,-1.0519250429593447,-1.1374430957258566,-1.2195510065348618,1.0,0.0,0.0,0.0,0.0,1.0,75.8
-0.21558530902351847,1.586349132216838,0.8687019205971475,1.1440808779770515,-0.508629848332236,0.17459937670241343,0.2284225873212195,0.0,1.0,1.0,1.0,0.0,0.0,100.0
-0.2837815317276758,0.1826062162553328,1.375788047177023,-0.7887523467646764,-0.6752400621612598,-0.22858355717789716,-0.5277070127437179,2.0,1.0,1.0,0.0,0.0,0.0,79.4
0.39818069531390005,-1.104158123376046,-1.0751282312923731,-0.026847133692211308,0.8383440801659212,0.04910637316309782,0.3538988944773588,3.0,1.0,1.0,1.0,0.0,1.0,86.8
0.5345731407222153,-1.0722548752860122,-1.41318564901229,0.4864363782723972,1.2303367505316594,0.17459937670241343,0.725464393187787,2.0,1.0,1.0,0.0,0.0,0.0,87.9
-0.07919286361520317,-2.263309470647289,0.6151588573072101,-0.8448927308858051,-0.3362244485060614,-0.6489002221687421,-0.39073534270505744,1.0,1.0,1.0,0.0,0.0,1.0,76.3
-0.07919286361520317,0.437832200975607,-0.2299846869925815,-0.5722108651546072,-0.052262909023792756,0.037220811942276964,-0.2855085593958215,2.0,1.0,1.0,1.0,0.0,0.0,88.3
0.739161808834688,1.2247789871964496,1.037730629457106,1.071900384107028,0.14169389282271513,1.1317729498233196,1.229668694388848,2.0,1.0,1.0,1.0,1.0,0.0,100.0
-0.6247626452484637,1.586349132216838,-0.7370708135724562,-1.20579520023592,-0.3719781847357011,-0.2884744370957993,-0.9162502781729468,4.0,0.0,1.0,0.0,0.0,0.0,79.1
-1.4431173176983547,0.4803698650956517,0.7841875661671687,0.3180152259090095,-1.4114867478382946,-1.335021256279761,-1.2436028427198302,2.0,0.0,1.0,0.0,0.0,1.0,82.1
-0.07919286361520317,0.012455559775151009,0.3616157940172728,0.9515995609903231,-0.25931818672655804,-0.0708297446106395,0.3025234649793198,2.0,1.0,1.0,1.0,0.0,0.0,93.5
0.12539580449726945,-0.23213600891511088,-0.6525564591424774,-1.5346174500882472,0.3229721616012362,0.05898528119079297,-0.5229320158540555,1.0,1.0,1.0,1.0,1.0,0.0,71.1
-0.8975475360650943,1.586349132216838,-0.4835277502825189,-0.4118097676656671,-0.7147317787867403,-0.5971903129612749,-0.9080266724185277,4.0,0.0,1.0,1.0,0.0,0.0,77.2
0.9437504769471605,-0.6681470661455792,-1.6667287123022274,1.112000658479263,1.9380036470705635,0.668544778087174,1.4719555736050711,1.0,1.0,1.0,0.0,0.0,0.0,98.4
0.5345731407222153,0.1294341361052758,0.3616157940172728,-0.524090535907925,0.23507986962392263,0.5583332104031995,0.23523137918240553,2.0,0.0,1.0,0.0,0.0,0.0,85.2
-1.715902208514985,-0.01944768831488289,-0.31449904142256035,0.061373469926706385,-1.5021800852944782,-1.651532208010839,-1.535054504725915,1.0,1.0,1.0,1.0,1.0,1.0,69.0
0.46637691801805736,1.586349132216838,0.10807273072733545,0.8312987378736181,0.28284764893184783,0.9463890663661018,0.8220254414009673,1.0,0.0,1.0,0.0,1.0,0.0,100.0
1.3529278131721059,0.1613373841953097,1.2067593383170636,0.9836797804881116,0.5191247389056147,1.370564679805264,1.8357395959027147,3.0,0.0,1.0,1.0,1.0,0.0,99.7
0.32998447260974206,-0.4554587455453512,-0.7370708135724562,0.5826770367657614,0.5665398723119666,0.18447828473010858,0.5681547734338954,1.0,0.0,1.0,1.0,1.0,0.0,92.6
-1.5113135404025124,0.9801874185061878,0.8687019205971475,0.4543561587746088,-1.4720723174854295,-1.3533898508937567,-1.2876389251467206,1.0,1.0,0.0,0.0,0.0,1.0,79.2
-0.9657437587692517,1.586349132216838,-1.159642585722352,0.4383160490257145,-0.5706065978400359,-0.6743692819276434,-0.7588522325507288,2.0,0.0,1.0,1.0,0.0,0.0,87.8
1.3529278131721059,0.0018211437451387026,-1.41318564901229,2.306988834771867,2.1609678537919854,1.3057343458735144,2.6527946192450167,3.0,1.0,1.0,0.0,0.0,0.0,100.0
0.05719958179311212,0.1613373841953097,0.27710143958729316,0.005233085805577151,-0.1208248747979719,0.10066192443263235,0.060590289236405054,2.0,1.0,0.0,0.0,0.0,0.0,83.3
0.05719958179311212,0.3421224567055038,0.699673211737189,-0.764692182141335,-0.2564268292663363,0.14920749591247798,-0.25349839506141514,4.0,1.0,1.0,1.0,0.0,0.0,97.0
0.67096558613053,-0.200232760825077,-1.9202717755921648,-0.9331133345047222,1.8610967746195681,0.5814869010931096,0.13937773791584052,2.0,1.0,1.0,1.0,0.0,0.0,84.7
-0.761155090656779,-1.2743087798562294,-1.0751282312923731,0.7671382988780422,-0.3841669525406533,-0.9618609413273675,-0.468992236174531,1.0,0.0,1.0,0.0,1.0,1.0,77.1
-0.9657437587692517,1.0120906665962217,1.291273692747044,-0.29952899942340866,-1.1336149581982629,-0.7660578970596899,-0.9378261900447565,1.0,1.0,1.0,1.0,0.0,0.0,81.0
1.3529278131721059,-0.731953562325647,-1.9202717755921648,0.32603528078345717,2.7400259201360404,1.007514809787466,1.4296880085447226,0.0,0.0,1.0,1.0,1.0,0.0,95.0
-1.1703324268817246,-1.5189003485464911,-1.3286712945823105,0.013253140680023697,-0.7368145174116214,-1.3340951086521646,-1.0471205632970388,1.0,0.0,1.0,1.0,0.0,1.0,73.5
0.9437504769471605,-0.5511684898154529,-0.06095597813262303,-0.9732136088769572,0.7696525864794808,0.7109932110186771,0.322419285352915,0.0,0.0,1.0,0.0,0.0,0.0,84.5
-1.1703324268817246,0.3952945368555608,0.27710143958729316,0.08543363455004716,-1.1235476736965713,-1.070143034787183,-1.0319997398131062,2.0,0.0,1.0,1.0,0.0,1.0,77.4
-0.010996640911045524,-0.6043405699655099,-0.4835277502825189,0.3982157746534795,0.11458090415252181,-0.1662229502530708,0.15494069074140865,1.0,0.0,1.0,1.0,1.0,0.0,75.7
-0.07919286361520317,0.17197180022532202,-1.0751282312923731,-0.88499300525804,0.334957184345567,-0.0303107859032957,-0.40620986966229805,3.0,0.0,1.0,1.0,0.0,0.0,75.1
-0.010996640911045524,-0.9659107149858981,0.4461301484472517,1.2643817010937566,-0.2314753367018875,-0.2606900082679065,0.4987404667971309,1.0,0.0,1.0,0.0,0.0,0.0,91.1
1.3529278131721059,0.0762620559552188,0.8687019205971475,0.5425767623935265,0.657642614326893,1.3359885017083313,1.5633879214552817,1.0,0.0,1.0,1.0,1.0,0.0,93.4
1.6257127039887365,-1.635878924876616,0.023558376297355833,-0.34764932867009135,1.3078910531864436,0.8553178829857869,1.244701092004452,2.0,0.0,0.0,0.0,0.0,1.0,89.5
