num__study_time_hours,num__attendance_percent,num__sleep_hours,num__previous_grade,num__study_to_sleep_ratio,num__academic_effort_index,num__academic_momentum,ord__parental_education,cat__gender_Male,cat__internet_access_Yes,cat__extracurricular_activities_Yes,cat__part_time_job_Yes,pass__is_at_risk,final_grade
0.2983278044233795,0.7695425056474776,-0.4378439312338314,-0.17578601684177914,0.36984950602682076,0.5162848958307656,0.19784304272396053,2.0,1.0,1.0,0.0,1.0,0.0,3
0.16187140445842593,-1.0409853489009322,1.9533941112861488,-0.46247480358186827,-0.5067277722259877,-0.12050607007814888,-0.042841034032766054,2.0,0.0,1.0,0.0,0.0,0.0,2
1.048838004230623,-1.0955193204234746,-1.9220606472807158,-0.2872761005740355,2.3389437083153446,0.6272858725918748,0.7910397226892316,2.0,0.0,1.0,1.0,0.0,0.0,3
0.7759252043007164,-1.0737057318144574,0.22180794256478378,1.321366536134244,0.4767221108756075,0.3999721200409752,1.3992237309418591,1.0,0.0,1.0,0.0,1.0,0.0,3
0.5030124043708094,0.26782996764008626,-1.1799522892572731,0.8196611593390873,1.0074013263843473,0.5778392728101842,0.8535608258998035,1.0,0.0,1.0,0.0,1.0,0.0,3
0.16187140445842593,0.8567968600835452,1.4586552059371876,-0.33505756503071776,-0.39287953710256274,0.39598827076946413,0.011077874835358477,2.0,1.0,1.0,1.0,0.0,0.0,3
0.6394688043357629,-0.9755445830738803,-1.2624087734821006,0.4135187114572943,1.215843205944715,0.31396784459130456,0.7915718171846408,2.0,0.0,1.0,1.0,1.0,0.0,2
1.52643540410796,0.7804492999519855,-0.10801799433452344,-0.032441623471734585,1.2814861653109109,1.8172069697079798,1.3647262711561674,1.0,1.0,1.0,1.0,1.0,0.0,4
-0.520410595366341,0.18057561320401871,-1.344865257706927,1.6478732099215687,-0.011235643760846898,-0.4660854657087963,0.05027550266383057,1.0,1.0,1.0,0.0,1.0,0.0,4
0.16187140445842593,0.9658648031286301,-0.35538744700900404,1.7673268710632728,0.20719525016581572,0.42567185357679843,0.9007398711594121,0.0,0.0,1.0,1.0,0.0,0.0,4
-0.9980079952436777,-1.2045872634685595,-0.025561510109696824,0.947078397890239,-0.9184739615683404,-1.1490422143522747,-0.6735503759243799,3.0,0.0,1.0,1.0,1.0,1.0,2
1.7311200040553898,-0.6156203710251006,-1.1799522892572731,0.485190908142316,2.3243130145541206,1.4235870387444112,1.900190698369548,1.0,0.0,1.0,0.0,0.0,0.0,4
-0.5886387953488175,1.1621871006097826,-0.850126352357966,-0.5660013099046787,-0.29941884959866905,-0.34407031743233313,-0.6953662502361538,1.0,0.0,1.0,0.0,1.0,0.0,3
0.5712406043532865,-0.26660295328082867,-0.10801799433452344,0.25424716326835567,0.4559591387901278,0.4778524675644283,0.6472855265128673,2.0,0.0,1.0,0.0,0.0,0.0,4
-0.3157259954189108,0.6931949455159179,0.7165468479137457,-0.17578601684177914,-0.5479978179947904,-0.14886170312831223,-0.33930635039154916,2.0,0.0,1.0,0.0,1.0,0.0,3
-0.3157259954189108,-1.9462492761751362,1.1288292690378796,0.6842803433784893,-0.644982855521424,-0.7348781194983659,-0.04239762195325854,2.0,0.0,1.0,1.0,0.0,1.0,3
-2.0896591949633048,-1.5972318584308645,0.6340903636889184,1.3691480005909262,-1.8786374532410857,-2.0892306424287823,-1.8050493204118803,1.0,1.0,1.0,1.0,0.0,1.0,3
1.3899790041430065,0.23510958472656113,2.035850595510977,-0.8287993644164272,0.2403847174533806,1.4542861125425224,0.7455456433317512,2.0,1.0,1.0,0.0,0.0,0.0,4
-1.2709207951735846,0.40961829359869784,-0.35538744700900404,0.34184651477227146,-1.0891400679726353,-1.1840375961882896,-1.0768780034444954,1.0,1.0,1.0,0.0,0.0,1.0,0
-0.7933233952962477,0.6713813569069006,1.9533941112861488,0.12682992471720406,-1.1079270462441153,-0.6529358080118044,-0.6762108484014256,3.0,1.0,0.0,1.0,1.0,0.0,2
-1.2709207951735846,1.1403735120007652,-0.520300415458658,-0.9721437577864723,-1.0552880482126767,-1.0950649624578856,-1.3256321800482604,4.0,1.0,1.0,1.0,0.0,1.0,1
-1.0662361952261545,-0.2120689817582862,0.7990033321385723,0.15868423435499224,-1.1255448050201475,-1.0647564621177654,-0.9213290459532283,2.0,1.0,1.0,1.0,0.0,0.0,3
0.2983278044233795,-1.1064261147279824,1.0463727848130528,-0.5660013099046787,-0.18757289005497127,-0.021144182365177806,0.024025507556980543,1.0,0.0,1.0,1.0,0.0,0.0,3
0.434784204388333,1.6202724613991393,0.22180794256478378,-0.3111668328023772,0.19850120832157134,0.9162321168137934,0.25389032957372165,4.0,1.0,0.0,1.0,1.0,0.0,4
0.9123816042656699,-0.6374339596341179,0.38672091101443773,0.7718796948824063,0.5133101675132677,0.670717641120501,1.2520996029612372,0.0,0.0,0.0,0.0,0.0,0.0,4
-2.0896591949633048,-1.182773674859542,0.5516338794640917,-0.3828390294873989,-1.8751718989299415,-2.074388851025115,-1.902599977903553,2.0,0.0,1.0,1.0,0.0,1.0,1
-0.11104139547148079,1.6202724613991393,0.9639163005882263,1.1700585653547528,-0.45949096017031926,0.29131458402781246,0.3493126090837581,1.0,0.0,1.0,0.0,0.0,0.0,4
-1.2026925951911078,1.6202724613991393,-1.2624087734821006,0.17461138917388633,-0.7967953415015141,-0.9585204815441487,-1.044952333719948,0.0,0.0,1.0,1.0,0.0,1.0,3
1.2535226041780534,-0.4847388393709984,-0.27293096278417744,0.572790259646233,1.1435957859752643,1.039497100155828,1.483560708464206,3.0,0.0,1.0,1.0,1.0,0.0,4
-0.725095195313771,0.6386609739933755,-1.1799522892572731,0.8674426237957696,-0.309510361785426,-0.5874756964524729,-0.4069710337244092,2.0,0.0,1.0,0.0,1.0,0.0,3
-1.7485181950509214,1.314882220872902,0.13935145833995716,-0.645637083999148,-1.5741634107357991,-1.6053101279776387,-1.6449775597096359,1.0,1.0,1.0,1.0,0.0,1.0,3
-0.9297797952612009,0.5404998252527985,0.9639163005882263,-0.2633853683456949,-1.0521015765098538,-0.8161955134521417,-0.8979168881552267,4.0,1.0,1.0,1.0,0.0,0.0,3
-0.9980079952436777,-1.182773674859542,1.1288292690378796,0.708171075606831,-1.1267801192668785,-1.1457613973051481,-0.7294202979423378,1.0,0.0,0.0,1.0,0.0,1.0,1
-1.2026925951911078,-0.2993233361943538,-0.35538744700900404,0.1109027698983111,-1.027409814727947,-1.205987824527397,-1.0577226016097667,1.0,1.0,1.0,0.0,1.0,1.0,1
-0.725095195313771,0.7586357113429683,-0.27293096278417744,-0.5421105776763375,-0.6190404105825198,-0.5659941562629546,-0.7993907240886375,1.0,0.0,1.0,1.0,0.0,0.0,3
0.5712406043532865,-1.4881639153857795,-0.1904744785593508,-1.6490478375894615,0.49526989001508775,0.09290326736826394,-0.285298759107523,1.0,0.0,1.0,1.0,1.0,1.0,2
-1.0662361952261545,0.24601637903107054,-0.10801799433452344,-0.4465476487629747,-0.9592300495312148,-0.9991401211752373,-1.0561263181235396,1.0,0.0,1.0,1.0,0.0,0.0,1
-0.3157259954189108,0.4532454708167309,-0.7676698681331386,0.692243920787937,-0.06274409821337008,-0.20213592279831746,-0.03964846706031119,3.0,1.0,1.0,1.0,0.0,0.0,4
0.09364320447594948,0.9549580088241222,1.3761987217123608,1.8708533773860827,-0.4188214776962277,0.3493537998853111,0.8620743378263498,1.0,0.0,0.0,0.0,0.0,0.0,4
-1.6802899950684447,1.6202724613991393,1.9533941112861488,0.3975915566384002,-1.6661835149752335,-1.5053233227318819,-1.462735195032011,0.0,0.0,1.0,0.0,1.0,1.0,3
1.52643540410796,-0.9428242001603552,0.4691773952392651,0.827624736748535,0.9579692542648077,1.1013639359016403,1.9202329243632923,2.0,0.0,1.0,1.0,0.0,0.0,4
0.5030124043708094,1.3366958094819192,-0.9325828365827926,-0.3191304102118237,0.8418250011050927,0.9070145832052001,0.3082526505213537,1.0,0.0,1.0,0.0,1.0,0.0,4
1.1852944041955764,-0.5938067824160833,1.2112857532627077,0.47722733073286955,0.3842057943412522,0.9350577574889708,1.3591392789543721,4.0,1.0,1.0,0.0,0.0,0.0,3
-0.17926959545395754,-0.6483407539386257,0.7990033321385723,-0.7093457032747232,-0.46708858574722684,-0.3229793507008065,-0.4160166401463646,1.0,1.0,1.0,1.0,1.0,0.0,2
1.594663604090437,0.7150085341249351,-1.7571476788310618,-0.9721437577864723,2.820877637872677,1.8616542292273845,0.8085988410377327,2.0,1.0,1.0,1.0,1.0,0.0,4
0.434784204388333,-0.7355951083746933,-1.9220606472807158,1.1939492975830934,1.5487969880598722,0.20757563463449125,0.9578513469999917,1.0,1.0,0.0,0.0,0.0,0.0,3
1.3899790041430065,-0.7574086969837106,-1.9220606472807158,0.333882937362825,2.777914108457274,1.056213644157853,1.4706130757425833,0.0,0.0,1.0,1.0,1.0,0.0,4
0.3665560044058559,-1.5208842982993047,1.2112857532627077,-1.8083193857784003,-0.1869851869735221,-0.08426085317656219,-0.4878493970265964,4.0,0.0,1.0,0.0,0.0,1.0,3
0.7076970043182393,-1.2482144406865925,-1.1799522892572731,0.4214822888667408,1.2268866077459764,0.283659344251184,0.8618969729945465,4.0,1.0,0.0,1.0,1.0,1.0,2
1.32175080416053,0.300550350553613,-0.6027568996834853,-0.33505756503071776,1.4235845567660623,1.4118698350046743,0.9955413737581378,2.0,0.0,1.0,1.0,0.0,0.0,3
-1.0662361952261545,-0.3756708963259135,1.6235681743868422,0.827624736748535,-1.2406593978572225,-1.0881908695972398,-0.7723425872386739,1.0,1.0,1.0,1.0,0.0,0.0,3
1.2535226041780534,-0.7355951083746933,0.05689497411513053,-0.12800455238509686,0.9533264872868508,0.942478653190805,1.0621418681001806,2.0,1.0,0.0,0.0,0.0,0.0,4
-1.1344643952086313,0.9004240373015798,-0.10801799433452344,-0.5421105776763375,-1.0181962657112709,-0.9783616132101035,-1.1330139727101578,1.0,1.0,1.0,0.0,0.0,1.0,2
-0.520410595366341,-2.197105545178831,-2.8290819737538118,-0.016514468652840494,1.1149886064233219,-0.9428975432244993,-0.4686939951918676,3.0,0.0,0.0,1.0,0.0,1.0,2
-0.8615515952787245,-0.5174592222845236,-1.5922347103814078,0.23035643104001507,-0.2841280606194325,-0.9200880532778111,-0.712748003752852,0.0,1.0,1.0,1.0,0.0,0.0,1
0.025415004493472726,-0.9210106115513379,-1.1799522892572731,-1.4101405153060536,0.4952690032072134,-0.20768206590179294,-0.5357379016134172,2.0,1.0,1.0,0.0,0.0,0.0,2
-0.9297797952612009,1.6202724613991393,-1.1799522892572731,0.44537302109508137,-0.5289956431470548,-0.6460617151511583,-0.7242767178200499,2.0,0.0,1.0,1.0,0.0,0.0,3
0.434784204388333,-0.1684418045402532,0.13935145833995716,0.947078397890239,0.23188766893311183,0.37817812108506393,0.8423868414962121,2.0,0.0,1.0,0.0,1.0,0.0,3
0.7076970043182393,0.027880492940900812,-0.1904744785593508,1.0585684816224954,0.6149891747036065,0.7040726144329527,1.1882482635121414,2.0,1.0,0.0,1.0,0.0,0.0,3
-0.5886387953488175,1.0094919803466647,-0.520300415458658,0.6683531885595964,-0.41807256296581957,-0.3735976708564706,-0.32423033968829024,1.0,0.0,1.0,1.0,1.0,0.0,2
-0.04281319548900403,1.2603482493503595,-0.6027568996834853,0.047194150622734736,0.12826130953028195,0.2792068068300842,-0.013664519201166058,1.0,0.0,1.0,0.0,0.0,0.0,3
-1.3391489951560611,-0.7574086969837106,-1.344865257706927,-0.5022926906291029,-0.9229436706343411,-1.3872139090353315,-1.2927310037487962,3.0,1.0,1.0,0.0,1.0,1.0,1
0.8441534042831929,-0.4411116621529654,-0.520300415458658,-1.9755545113767854,0.9200799560525798,0.6762637842239765,-0.2867176777619475,2.0,0.0,1.0,1.0,0.0,0.0,3
-0.7933233952962477,-2.8515132034493402,1.1288292690378796,-0.06429593310952164,-0.9822409401432423,-1.2584808972814197,-0.7272919199607015,1.0,0.0,1.0,0.0,0.0,1.0,2
2.276945603915204,0.2569231733355784,0.38672091101443773,-2.867475181234842,1.5957038575726967,2.3515895749315923,-0.13959354978132474,1.0,1.0,1.0,0.0,1.0,0.0,3
-1.4756053951210146,1.074932746173715,-0.1904744785593508,0.46926375332342307,-1.3005193803126995,-1.3256595320559124,-1.2533560110885211,3.0,0.0,1.0,1.0,0.0,1.0,2
1.1852944041955764,0.9876783917376474,0.22180794256478378,-0.46247480358186827,0.8105871939404509,1.5353691624215031,0.8045194499062629,3.0,1.0,1.0,0.0,0.0,0.0,3
1.2535226041780534,-1.7390201843894744,0.8814598163633997,-1.362359050849372,0.5619496585968637,0.5544048653307109,0.3198700470044532,1.0,0.0,1.0,0.0,1.0,1.0,2
2.208717403932727,1.0858395404782228,-0.025561510109696824,-1.784428653550059,1.8121821976463108,2.6869359459628686,0.6508328231489281,1.0,1.0,1.0,1.0,0.0,0.0,3
-0.4521823953838643,0.19148240750852813,-0.4378439312338314,-0.765090745140852,-0.3199615607419467,-0.39601658734516776,-0.6489853467196589,3.0,0.0,1.0,0.0,0.0,0.0,2
-1.4073771951385379,0.44233867651222303,0.38672091101443773,-1.250868967117115,-1.3267591055877619,-1.3194103567280526,-1.4738204970197015,1.0,1.0,1.0,0.0,0.0,1.0,3
-1.5438335951034912,-0.9864513773783897,0.7990033321385723,0.13479350212665167,-1.4800981538594127,-1.591796286331142,-1.3686431517604978,0.0,0.0,1.0,1.0,0.0,1.0,2
0.09364320447594948,0.344177527771646,0.6340903636889184,-0.7491635903219579,-0.21516916593709884,0.18750015889374122,-0.21745671094285976,4.0,1.0,1.0,1.0,0.0,0.0,4
0.5030124043708094,1.6202724613991393,0.7990033321385723,-0.0005873138339464035,0.03941619830886624,0.9943468084120406,0.4607864058719689,1.0,1.0,0.0,0.0,1.0,0.0,2
-2.0896591949633048,0.26782996764008626,-0.1904744785593508,-0.13596812979454448,-1.8392561614110359,-2.0224425811122813,-1.8888542034388172,4.0,1.0,1.0,1.0,0.0,1.0,2
0.2983278044233795,1.358509398090935,0.7165468479137457,-1.6012663731327799,-0.08622333424518115,0.6850126296829803,-0.4371230551309265,1.0,0.0,1.0,1.0,0.0,0.0,4
0.9123816042656699,1.6202724613991393,-0.850126352357966,1.3054393813153509,1.1991360214287612,1.4630349580015265,1.5432439743659294,2.0,0.0,1.0,0.0,0.0,0.0,4
0.6394688043357629,-0.4192980735439481,2.6130459850847645,-0.7093457032747232,-0.36072207965621245,0.49324106180928223,0.22888188828949285,2.0,0.0,1.0,1.0,1.0,0.0,4
-1.4073771951385379,0.485965853730256,0.7165468479137457,0.32591935995337734,-1.3689302335496514,-1.314723475232158,-1.2104337217921854,2.0,0.0,1.0,0.0,0.0,1.0,3
-2.0896591949633048,0.7150085341249351,0.4691773952392651,0.6364988789218081,-1.8716126811153386,-2.00642906933464,-1.8458432317265798,2.0,0.0,1.0,1.0,0.0,1.0,2
0.5030124043708094,0.006066904331883528,-1.9220606472807158,0.4294458662761884,1.6365910680882576,0.4972249110807933,0.6667069755952998,2.0,1.0,1.0,1.0,0.0,0.0,3
-1.0662361952261545,0.6277541796888676,1.7884811428364955,1.3691480005909262,-1.260612597359781,-0.9444598370564642,-0.6517345016126059,1.0,1.0,1.0,1.0,0.0,0.0,4
0.5712406043532865,-0.76831549128822,0.4691773952392651,-0.645637083999148,0.2105325166172222,0.31974833176957457,0.20635655465050684,1.0,0.0,1.0,1.0,0.0,0.0,4
0.8441534042831929,-0.8991970229423206,0.30426442678961113,-0.016514468652840494,0.4952702225681942,0.5187845659619097,0.7604442892032065,1.0,1.0,1.0,0.0,1.0,0.0,3
0.7759252043007164,0.49687264803476544,2.530589500859938,1.7036182517876974,-0.2629512990726892,0.9286523527779149,1.5992912612156895,2.0,1.0,1.0,1.0,0.0,0.0,4
0.025415004493472726,1.6202724613991393,0.13935145833995716,-0.4226569165346336,-0.1067469085048091,0.4475439672243078,-0.1398595970290293,2.0,0.0,1.0,1.0,0.0,0.0,3
-1.1344643952086313,1.6202724613991393,0.30426442678961113,-1.370322628258819,-1.0959988040008748,-0.8804057899459012,-1.3082504265315624,2.0,0.0,1.0,1.0,1.0,1.0,2
0.16187140445842593,-0.5283660165890329,1.2937422374875343,0.15072065694554576,-0.35131590001094565,0.019006769116321192,0.21664371489508286,2.0,1.0,1.0,0.0,0.0,0.0,4
-0.5886387953488175,-1.4881639153857795,1.7060246586116687,1.7354725614254847,-0.9400158964507918,-0.8565808090084356,-0.003377358956589077,1.0,1.0,1.0,0.0,1.0,1.0,4
1.1852944041955764,-1.3790959723406946,0.30426442678961113,0.4055551340478467,0.7696269512869989,0.636972094350058,1.3168377665693465,2.0,1.0,1.0,1.0,0.0,1.0,4
-0.38395419540138753,0.038787287245408676,-0.1904744785593508,0.31795578254393086,-0.3427651028045465,-0.3609430908175548,-0.2340403227164442,2.0,0.0,1.0,0.0,0.0,0.0,3
-0.5886387953488175,-0.6810611368521509,-0.9325828365827926,0.7002074981973834,-0.267153370704182,-0.7005076551951369,-0.3146526387709266,1.0,0.0,1.0,0.0,1.0,0.0,3
0.025415004493472726,-1.182773674859542,1.2112857532627077,0.6285353015123617,-0.42498142918801113,-0.2751731594426787,0.2815592433349965,3.0,0.0,1.0,0.0,0.0,1.0,3
-1.0662361952261545,1.6202724613991393,0.9639163005882263,-0.398766184306293,-1.1508700125664428,-0.8022910983476537,-1.045484428215357,3.0,1.0,1.0,1.0,1.0,0.0,4
-0.7933233952962477,0.9985851860421552,0.22180794256478378,1.3771115780003726,-0.8030940408729594,-0.5966932300610661,-0.3420555052844962,2.0,0.0,1.0,1.0,0.0,0.0,3
1.2535226041780534,1.6202724613991393,-0.9325828365827926,1.09838636866973,1.6042476317239696,1.8536084159927644,1.7996248387372245,1.0,0.0,0.0,0.0,0.0,0.0,4
-0.04281319548900403,1.4130433696134774,-0.025561510109696824,1.2735850716775627,-0.10508702052567838,0.31748300571322513,0.46433370250802997,1.0,1.0,1.0,0.0,0.0,0.0,4
0.7076970043182393,-1.5099775039947967,0.05689497411513053,2.069942812622256,0.4952700635210455,0.1974207247267188,1.7063309372088242,2.0,0.0,1.0,1.0,0.0,1.0,4
-0.6568669953312942,1.4021365753089696,0.38672091101443773,1.3293301135436915,-0.7314425760550758,-0.37422258838925687,-0.20193728816009393,3.0,1.0,1.0,0.0,1.0,0.0,3
-0.247497795436434,-1.6735794185624242,1.541111690162014,-2.1029717499279363,-0.6854094206330636,-0.6198151787741473,-0.9663797132312006,3.0,1.0,1.0,0.0,0.0,1.0,2
-0.3157259954189108,1.6202724613991393,-0.7676698681331386,-1.6888657246366963,-0.06274409821337008,0.056970509233069844,-0.8616457800515052,2.0,1.0,1.0,0.0,0.0,0.0,2
1.3899790041430065,1.074932746173715,1.2112857532627077,0.03126699580384178,0.5270035396699456,1.7911166627141664,1.2818968947041476,2.0,1.0,1.0,0.0,0.0,0.0,4
-0.38395419540138753,-1.5863250641263564,-2.0045171315055423,-0.016514468652840494,0.5551274916943594,-0.7101157622617216,-0.34578016675236023,3.0,1.0,1.0,1.0,0.0,1.0,2
0.9123816042656699,-1.7062998014759492,-0.1904744785593508,-0.773054322550299,0.7945681017363856,0.2956108920657161,0.40908455740138255,4.0,1.0,0.0,0.0,1.0,1.0,2
-0.520410595366341,1.074932746173715,1.6235681743868422,0.4135187114572943,-0.881501407747178,-0.28673413379921947,-0.3346061823487685,3.0,0.0,0.0,1.0,0.0,0.0,3
-0.6568669953312942,1.4239501639179868,-1.1799522892572731,-0.7889814773691926,-0.2363486013315497,-0.3701606244261477,-0.8152648765350098,1.0,1.0,0.0,1.0,0.0,0.0,2
0.3665560044058559,1.6202724613991393,1.3761987217123608,-0.39080260689684654,-0.23290440791935155,0.8381174252155453,0.15935487422270053,1.0,1.0,1.0,0.0,0.0,0.0,4
1.3899790041430065,-0.11390783301771076,0.4691773952392651,-2.142789636975171,0.8511925774580098,1.3143045851984623,-0.07387987959829805,1.0,0.0,0.0,1.0,1.0,0.0,2
0.7759252043007164,0.584127002470833,0.13935145833995716,1.576201013236546,0.5140831501313788,0.9580234768188555,1.532602084457746,1.0,1.0,1.0,1.0,0.0,0.0,4
-0.9980079952436777,0.33327073346713815,-0.4378439312338314,0.13479350212665167,-0.8216423365737774,-0.9177446125298633,-0.8635081107854368,2.0,0.0,1.0,0.0,0.0,0.0,3
-1.2026925951911078,-0.6483407539386257,0.30426442678961113,1.1461678331264122,-1.1508701497446356,-1.2509818868879878,-0.8502057484002089,2.0,0.0,1.0,1.0,0.0,1.0,3
0.6394688043357629,-0.7246883140701854,0.22180794256478378,0.2940650503155903,0.365433749853993,0.39481655039549074,0.7317111864511147,2.0,1.0,1.0,0.0,0.0,0.0,3
-1.6120617950859681,0.485965853730256,-1.0974958050324466,-0.06429593310952164,-1.2765757845802332,-1.5246957662482474,-1.4583897566528368,3.0,0.0,1.0,0.0,1.0,1.0,2
0.6394688043357629,-0.015746684277133757,1.1288292690378796,0.19053854399278042,0.029533313722212764,0.6233020233203649,0.6798319731487251,2.0,0.0,1.0,0.0,0.0,0.0,4
-0.520410595366341,0.006066904331883528,1.1288292690378796,-1.4579219797627347,-0.7895220346450604,-0.5010808475448109,-0.9181364789807738,1.0,1.0,1.0,1.0,1.0,0.0,2
-0.5886387953488175,1.3366958094819192,-0.7676698681331386,1.4408201972759478,-0.3305905852996879,-0.31032477066189007,-0.09197109244220829,2.0,1.0,1.0,1.0,0.0,0.0,3
1.6628918040729135,-1.684486212866932,-0.025561510109696824,-0.33505756503071776,1.347389659907647,0.902171472326109,1.2850894616766018,2.0,0.0,0.0,0.0,0.0,1.0,3
-0.247497795436434,-0.5392728108935408,-0.10801799433452344,-0.9163987159203436,-0.2516354553705435,-0.3598494851351791,-0.5435419542127508,2.0,0.0,1.0,0.0,1.0,0.0,3
0.09364320447594948,-1.6735794185624242,-1.839604163055889,0.23832000844946155,1.0392097640186413,-0.3471949050962634,0.1894182132133162,1.0,0.0,0.0,1.0,0.0,1.0,3
0.2300996044409027,0.9440512145196128,-0.1904744785593508,0.37370082441005964,0.19597167829378956,0.4930067177344877,0.37680415801322903,2.0,1.0,1.0,0.0,1.0,0.0,3
-0.725095195313771,-3.2223442098026287,-0.10801799433452344,-0.3748754520779524,-0.6643989686309352,-1.278790717096964,-0.7528324557403394,2.0,1.0,1.0,1.0,0.0,1.0,1
0.5030124043708094,0.4641522651212403,-0.27293096278417744,-0.7013821258652763,0.47500964245334615,0.6383000441072285,0.12521214410061532,1.0,0.0,1.0,0.0,0.0,0.0,4
1.4582072041254834,-0.4083912792394387,0.5516338794640917,0.22239285363056746,0.8640058327749367,1.2597805304628868,1.4652034483725904,3.0,0.0,1.0,0.0,0.0,0.0,3
0.9806098042481464,-0.5719931938070659,-0.10801799433452344,-0.9562166029675783,0.8097564358704632,0.7560969990373857,0.3601318638237433,0.0,0.0,1.0,0.0,0.0,0.0,3
1.6628918040729135,-1.0737057318144574,1.541111690162014,-1.609229950542227,0.5860924128037971,1.1646368360962203,0.43373826902200485,1.0,0.0,1.0,1.0,0.0,0.0,4
-0.3157259954189108,0.6604745626023928,-0.6027568996834853,-1.5933027957233328,-0.13080333991687387,-0.15612636944694933,-0.8286559213361392,2.0,1.0,1.0,1.0,0.0,0.0,3
0.9806098042481464,-0.6919679311566602,-1.674691194606235,1.1143135234886241,1.9767936997731044,0.7131339186583494,1.5130032705435101,1.0,1.0,1.0,0.0,0.0,0.0,4
-0.247497795436434,-0.91010381724683,0.7165468479137457,-0.23153105870790788,-0.49668954202261145,-0.44483826959407285,-0.2994879456517663,3.0,0.0,1.0,0.0,0.0,0.0,3
-1.1344643952086313,-0.7574086969837106,0.8814598163633997,0.7878068497013003,-1.1883770286350237,-1.2039568425458425,-0.851624667054633,4.0,1.0,1.0,0.0,1.0,1.0,2
-0.3157259954189108,0.8677036543880531,-2.4992560368545043,1.353220845772032,1.0844111927805546,-0.11011681609558155,0.18853138905430147,2.0,0.0,1.0,0.0,1.0,0.0,3
0.2300996044409027,1.10765312908724,-0.850126352357966,0.31795578254393086,0.5179747164162926,0.5387038123194622,0.35259385847211394,1.0,0.0,1.0,1.0,0.0,0.0,3
0.3665560044058559,0.006066904331883528,-0.025561510109696824,-0.6297099291802539,0.24350738277831963,0.36411747659737914,0.05027550266383025,2.0,0.0,1.0,0.0,1.0,0.0,3
0.025415004493472726,0.4641522651212403,0.13935145833995716,2.0540156578033617,-0.1067469085048091,0.1494583040853952,0.8530287314043944,2.0,0.0,1.0,0.0,0.0,0.0,4
-0.6568669953312942,0.2896435562491036,-0.520300415458658,-0.07225951051896924,-0.4817941114905052,-0.5813827505078095,-0.6077480233254519,1.0,0.0,1.0,1.0,1.0,0.0,4
-0.11104139547148079,-0.670154342547643,-0.9325828365827926,-0.7969450547786396,0.2180246669623756,-0.2664243139836756,-0.3954423196572119,0.0,1.0,1.0,0.0,1.0,0.0,2
-0.11104139547148079,-0.6047135767205927,0.30426442678961113,-0.5500741550857846,-0.27292861784445976,-0.25048891689763275,-0.3019710532970091,1.0,0.0,1.0,1.0,0.0,0.0,1
-0.11104139547148079,0.5514066195573079,-1.0974958050324466,0.6444624563312547,0.3037182944319518,0.03103643162245173,0.1503092678007454,1.0,0.0,1.0,0.0,1.0,0.0,3
0.16187140445842593,-1.55360468121283,0.7990033321385723,-1.9038823146917632,-0.2138361937191803,-0.2600189092726186,-0.6527986906034242,3.0,1.0,1.0,0.0,1.0,1.0,1
0.5030124043708094,-1.3900027666452026,0.13935145833995716,-0.6854549710463826,0.28832676517276523,0.06728164852403844,0.13283883186814627,3.0,1.0,1.0,1.0,0.0,1.0,4
-0.11104139547148079,0.7695425056474776,0.05689497411513053,0.9072605108430043,-0.19181457212766218,0.08415442190926013,0.24981093844225175,2.0,0.0,1.0,0.0,1.0,0.0,3
-0.17926959545395754,1.6202724613991393,1.870937627061322,-0.43858407135352767,-0.7058691501203032,0.2131998924295648,-0.3165149695048586,1.0,0.0,1.0,1.0,0.0,0.0,4
1.6628918040729135,1.5221113126585624,-0.27293096278417744,-0.36691187466850483,1.5082791369872193,2.280114632119195,1.263805681860238,3.0,1.0,1.0,1.0,1.0,0.0,4
0.9123816042656699,-0.953730994464863,1.541111690162014,-0.7013821258652763,0.08657383538217342,0.5597166643593917,0.44819350281395365,0.0,1.0,1.0,0.0,0.0,0.0,3
-1.2709207951735846,-0.17934859884476106,-0.9325828365827926,-0.8208357870069802,-0.960264853084979,-1.2557468830754808,-1.2969877597120694,3.0,1.0,1.0,1.0,1.0,1.0,0
-1.0662361952261545,-1.5645114755173393,-1.1799522892572731,2.428303796047368,-0.6753191640548075,-1.2584808972814197,-0.41583927531456133,1.0,1.0,1.0,1.0,0.0,1.0,3
-0.17926959545395754,-0.4411116621529654,-0.6027568996834853,-0.25542179093624845,-0.0012710151932961784,-0.27400143906870567,-0.24920501583560448,2.0,1.0,0.0,1.0,0.0,0.0,3
0.16187140445842593,-0.6919679311566602,0.6340903636889184,0.6126081466934676,-0.16318578195884947,-0.025518605094679535,0.4120997595420345,1.0,0.0,1.0,1.0,0.0,0.0,3
-2.0896591949633048,-0.670154342547643,2.365676532410283,-1.6410842601800146,-1.9349080686086595,-2.056031898499527,-1.9726590864657543,1.0,1.0,1.0,1.0,0.0,1.0,1
1.3899790041430065,-0.8991970229423206,-0.4378439312338314,-0.39080260689684654,1.3732110576904826,0.9993461486743286,1.0186874843084341,2.0,1.0,0.0,1.0,0.0,0.0,2
-0.8615515952787245,0.49687264803476544,0.38672091101443773,-0.6217463517708068,-0.8938016295639903,-0.7530007279491595,-0.9309954292864941,3.0,0.0,1.0,0.0,1.0,0.0,2
-1.1344643952086313,0.6822881512114101,0.5516338794640917,-0.6615642388180415,-1.1377009711632435,-1.008045196017438,-1.1582884612420912,3.0,1.0,1.0,0.0,0.0,1.0,2
-0.3157259954189108,-0.05937386149516832,-0.27293096278417744,-0.5660013099046787,-0.25435705957056437,-0.3159490284569643,-0.4740149401459587,1.0,1.0,1.0,1.0,0.0,0.0,3
-0.6568669953312942,1.6202724613991393,-1.674691194606235,-0.2633853683456949,0.001426624778494319,-0.33360294875816804,-0.6630858508480006,2.0,1.0,1.0,0.0,0.0,0.0,4
2.1404892039502506,0.3550843220761554,0.22180794256478378,1.0107870171658142,1.5896057210917525,2.261992023668403,2.6946077800153696,0.0,1.0,0.0,1.0,0.0,0.0,4
0.7759252043007164,1.2494414550458501,0.9639163005882263,1.0744956364413893,0.18250387419750994,1.1819782976310311,1.2700134509733443,2.0,1.0,1.0,1.0,1.0,0.0,4
1.3899790041430065,0.1587620245950014,1.1288292690378796,0.9868962849374736,0.5595103038422128,1.4236651534360085,1.8778427295623654,3.0,0.0,1.0,1.0,1.0,0.0,4
-0.04281319548900403,-2.327987076832933,0.5516338794640917,-0.8287993644164272,-0.2948770537155887,-0.620283866923737,-0.3550918204220199,1.0,1.0,1.0,0.0,0.0,1.0,2
1.1852944041955764,-0.4192980735439481,-0.10801799433452344,-0.4545112261724218,0.986655084410631,1.0012990159642845,0.8092196179490432,2.0,1.0,1.0,0.0,0.0,0.0,3
0.6394688043357629,0.5404998252527985,-1.01503932080762,-0.884544406282556,1.0361436565290685,0.802575240538343,0.14108629654698768,2.0,1.0,1.0,0.0,0.0,0.0,4
-1.1344643952086313,0.006066904331883528,-0.685213383908312,-0.5580377324952317,-0.8874880376925268,-1.1000643027201733,-1.1363839045144157,0.0,1.0,1.0,0.0,0.0,1.0,2
-1.0662361952261545,-0.5065524279800157,1.3761987217123608,0.0073762635755000765,-1.208969024247952,-1.1069383955808192,-0.9550283639958063,1.0,0.0,1.0,0.0,1.0,0.0,3
0.2300996044409027,-2.3607074597464583,0.4691773952392651,1.1063499460791777,-0.05640917539977286,-0.4300745928820038,0.6949966662678845,1.0,1.0,1.0,0.0,0.0,1.0,3
-0.4521823953838643,-0.3756708963259135,-0.4378439312338314,-0.49432911321965645,-0.3199615607419467,-0.5138135422753254,-0.5615444846407597,2.0,1.0,1.0,0.0,1.0,0.0,2
0.09364320447594948,0.31145714485812087,-0.7676698681331386,0.8196611593390873,0.33902563241610706,0.17882942812633618,0.4289494185633232,4.0,0.0,1.0,1.0,0.0,0.0,4
-0.6568669953312942,0.8895172429970704,-1.344865257706927,0.7559525400635122,-0.16318698157309583,-0.46967874152231526,-0.36795077072774035,2.0,1.0,1.0,0.0,0.0,0.0,3
0.16187140445842593,1.6202724613991393,0.30426442678961113,-1.609229950542227,-0.053443234869416024,0.6037733504208027,-0.5281112138458864,0.0,1.0,1.0,1.0,0.0,0.0,3
1.1170662042130999,-0.1575350102357438,-0.025561510109696824,-0.3191304102118237,0.8825971221689829,1.0352789068095227,0.8310354922608175,4.0,1.0,1.0,0.0,0.0,0.0,4
0.2300996044409027,-0.22297577606279564,0.22180794256478378,-1.2110510800698804,0.031568666789149206,0.16703410969500054,-0.31146007179847174,0.0,0.0,1.0,0.0,1.0,0.0,3
-0.3157259954189108,1.2821618379593769,0.05689497411513053,-0.5819284647235722,-0.3635857310398388,-0.018097709392845964,-0.4795132499318528,1.0,1.0,0.0,0.0,0.0,0.0,2
0.025415004493472726,-1.2591212349911018,0.38672091101443773,0.3020286277250368,-0.1902457310253613,-0.2948580617254374,0.1506639974643516,1.0,0.0,1.0,0.0,0.0,1.0,2
-1.9532027949983517,-1.7172065957804572,0.7990033321385723,1.4089658876381608,-1.7840010242930686,-1.9851037585283184,-1.6481701266820907,1.0,0.0,1.0,0.0,0.0,1.0,2
0.434784204388333,-0.4847388393709984,0.38672091101443773,0.32591935995337734,0.13447237599246747,0.2830344267183988,0.5518632470028305,4.0,0.0,1.0,0.0,0.0,0.0,3
-1.3391489951560611,0.7150085341249351,-0.9325828365827926,-0.398766184306293,-1.0295760013230586,-1.2184861751831166,-1.27428506124128,2.0,0.0,1.0,1.0,0.0,1.0,4
-2.0896591949633048,0.9004240373015798,0.5516338794640917,-0.757127167731405,-1.8751718989299415,-1.999789320548789,-1.9234403456404103,1.0,0.0,1.0,1.0,1.0,1.0,1
-0.9980079952436777,0.23510958472656113,-0.9325828365827926,0.06312130544162883,-0.6830202601326602,-0.9325082892419322,-0.8802690873908243,1.0,1.0,1.0,0.0,0.0,0.0,2
-0.11104139547148079,0.14785523029049355,0.7165468479137457,1.2258036072208816,-0.3940729900782539,-0.067231850408144,0.37041902406831995,1.0,0.0,1.0,0.0,0.0,0.0,4
-0.725095195313771,-0.2993233361943538,-1.509778226156581,0.3020286277250368,-0.16318713352412975,-0.755422283388705,-0.5643823219496082,0.0,1.0,1.0,0.0,0.0,0.0,2
-0.520410595366341,-1.0627989375099478,1.1288292690378796,-0.7173092806841703,-0.7895220346450604,-0.7154275612904022,-0.6872074679732144,3.0,1.0,1.0,1.0,0.0,0.0,2
0.5712406043532865,-1.0627989375099478,-0.35538744700900404,-0.16782243943233152,0.5775767696339449,0.22694807815085694,0.4404781326305214,1.0,1.0,1.0,0.0,0.0,0.0,3
-0.04281319548900403,1.2821618379593769,-0.6027568996834853,-1.473849134581629,0.12826130953028195,0.28467483524196163,-0.6065064695028304,2.0,0.0,1.0,1.0,0.0,0.0,3
1.799348204037867,1.5112045183540543,-0.9325828365827926,0.09497561507941701,2.1587368176286073,2.430094839987832,1.697817425282279,1.0,1.0,1.0,1.0,0.0,0.0,4
0.5030124043708094,0.8349832714745279,-0.9325828365827926,-0.7810178999597456,0.8418250011050927,0.752503723223866,0.0870787052629615,1.0,1.0,1.0,0.0,0.0,0.0,3
-0.725095195313771,-0.5283660165890329,-0.4378439312338314,-0.5819284647235722,-0.5708019486578622,-0.7964324964777851,-0.8104760260763276,0.0,1.0,1.0,1.0,1.0,0.0,1
1.4582072041254834,1.2058142778278171,-1.674691194606235,-2.2303889884790875,2.552942429979866,1.918756068785703,-0.09170504519450372,0.0,0.0,1.0,0.0,0.0,0.0,3
-0.6568669953312942,0.5295930309482906,-1.344865257706927,-0.17578601684177914,-0.16318698157309583,-0.5367011469136119,-0.637722679900166,0.0,1.0,0.0,0.0,0.0,0.0,2
-0.17926959545395754,1.2276278664368343,0.5516338794640917,1.6399096325121212,-0.40023004339654555,0.12039963881084684,0.4473066786549377,1.0,0.0,1.0,0.0,0.0,0.0,4
-2.0896591949633048,-0.1575350102357438,-0.35538744700900404,0.07108488285107643,-1.8299031069088931,-2.037674945973939,-1.8773254893716196,2.0,0.0,1.0,1.0,0.0,1.0,2
0.9123816042656699,-2.055317219220221,0.7165468479137457,-0.33505756503071776,0.3755511495044285,0.17312705563966388,0.6480836682559807,1.0,1.0,1.0,0.0,0.0,1.0,3
-1.3391489951560611,1.6202724613991393,-2.1694300999551963,-0.6934185484558297,-0.6335132401120346,-1.114749864740644,-1.3267850514549802,2.0,1.0,0.0,0.0,0.0,1.0,2
0.6394688043357629,-0.8882902286378127,-1.7571476788310618,0.9630055527091319,1.6440632623799625,0.34208913356667336,1.0669307185588617,1.0,0.0,1.0,0.0,0.0,0.0,4
0.5712406043532865,-0.5501796051980502,-0.850126352357966,-1.6490478375894615,0.8585553689225274,0.3884892603760325,-0.285298759107523,3.0,1.0,1.0,1.0,1.0,0.0,2
1.048838004230623,0.5623134138618158,1.7060246586116687,-0.9801073351959189,0.1253516383772449,1.2328309618614903,0.39755584333418464,1.0,1.0,1.0,1.0,1.0,0.0,3
1.1170662042130999,-0.5283660165890329,-0.27293096278417744,-1.0836338415187292,1.0220346689712791,0.897172132063821,0.38833287208042694,2.0,1.0,1.0,1.0,0.0,0.0,3
0.2300996044409027,-0.6047135767205927,1.7884811428364955,0.692243920787937,-0.42656791037585584,0.06040755566339271,0.5151487268196012,1.0,0.0,1.0,0.0,0.0,0.0,3
-0.8615515952787245,0.10422805307245898,0.6340903636889184,-1.9914816661956793,-0.9429365416325932,-0.8176796925925086,-1.2818230665929093,3.0,0.0,1.0,1.0,0.0,0.0,3
0.2983278044233795,0.202389201813036,0.30426442678961113,-0.43858407135352767,0.05629945661810628,0.3538063373064106,0.08078225373395373,1.0,1.0,1.0,1.0,0.0,0.0,4
-1.2709207951735846,-1.3027484122091348,0.30426442678961113,-0.12800455238509686,-1.2057414954883967,-1.3925257080640123,-1.1658264665937204,3.0,1.0,0.0,1.0,0.0,1.0,1
-0.725095195313771,-0.04846706719065891,-2.9939949422034653,1.6399096325121212,0.9479534664411094,-0.7105063357197126,-0.19191617516322215,2.0,1.0,0.0,0.0,0.0,0.0,3
-0.04281319548900403,-0.5392728108935408,-0.6027568996834853,0.17461138917388633,0.12826130953028195,-0.17190553714979567,0.03599763370368595,2.0,1.0,1.0,1.0,0.0,0.0,1
-0.9980079952436777,-2.055317219220221,-0.27293096278417744,1.5045288165515243,-0.86216264459049,-1.2769940791902044,-0.5431872245491448,1.0,1.0,1.0,0.0,1.0,1.0,1
0.5712406043532865,0.26782996764008626,0.13935145833995716,-0.1837495942512256,0.34476586141241866,0.6462677426502496,0.4326740800311875,1.0,0.0,1.0,1.0,0.0,0.0,4
1.048838004230623,0.7041017398204258,1.0463727848130528,-0.7969450547786396,0.34894701779130327,1.284621002391128,0.5015803171866684,2.0,1.0,1.0,1.0,0.0,0.0,3
-0.6568669953312942,-0.7246883140701854,-0.6027568996834853,-0.5660013099046787,-0.45463415172581917,-0.7702640747923721,-0.7507040777587028,4.0,0.0,0.0,1.0,1.0,0.0,1
-0.17926959545395754,1.216721072132325,1.0463727848130528,0.05515772803218235,-0.5289946495935098,0.11782185398810444,-0.13507074657034732,3.0,0.0,1.0,1.0,1.0,0.0,3
0.025415004493472726,-0.026653478581641625,1.0463727848130528,-0.36691187466850483,-0.3826710383627075,0.022912503696234182,-0.11751162822184623,1.0,0.0,1.0,0.0,0.0,0.0,2
-0.04281319548900403,-1.1391464976415075,-1.1799522892572731,-0.5978556195424664,0.42210724275333705,-0.3222763184764222,-0.26507916828197653,0.0,0.0,1.0,0.0,0.0,1.0,1
-0.247497795436434,-1.2154940577730673,2.2832200481854565,-1.0597431092903882,-0.8216416180213315,-0.5148290332661023,-0.5946230257720265,2.0,1.0,1.0,1.0,0.0,1.0,2
-0.6568669953312942,1.6202724613991393,2.20076356396063,0.0073762635755000765,-1.0572997018444137,-0.33360294875816804,-0.5846905951910567,3.0,0.0,1.0,0.0,1.0,0.0,3
0.8441534042831929,0.027880492940900812,-0.35538744700900404,-0.04040520088118107,0.8244977826126975,0.8374925076827594,0.7476740213133878,1.0,1.0,1.0,1.0,0.0,0.0,4
0.5712406043532865,-1.1282397033369997,-0.10801799433452344,-0.7332364355030644,0.4559591387901278,0.20632579956891908,0.16343426535417074,1.0,0.0,1.0,0.0,0.0,1.0,2
-0.11104139547148079,-0.1466282159312359,1.4586552059371876,1.6558367873310154,-0.5766347830004331,-0.13894113729533536,0.5332399396635111,1.0,0.0,1.0,0.0,0.0,0.0,3
-1.5438335951034912,1.1840006892187998,1.6235681743868422,0.8116975819296409,-1.5549226392035114,-1.3897135791664752,-1.2706490821893177,2.0,1.0,1.0,0.0,0.0,1.0,3
0.2300996044409027,-1.2591212349911018,0.4691773952392651,-0.47840195840076233,-0.05640917539977286,-0.12238082267650698,0.006732436456184016,2.0,1.0,1.0,1.0,0.0,1.0,3
0.9806098042481464,1.6202724613991393,-1.1799522892572731,-0.9641801803770254,1.5195336495614815,1.5411496495997739,0.3556977430286672,0.0,0.0,1.0,1.0,0.0,0.0,3
-0.7933233952962477,-0.4192980735439481,0.8814598163633997,0.4055551340478467,-0.9383303590304684,-0.8404110678475986,-0.6017176190441483,1.0,1.0,1.0,1.0,0.0,0.0,3
-1.6120617950859681,0.8677036543880531,0.4691773952392651,0.7798432722918527,-1.4978943122915456,-1.4918875957769835,-1.3455857236261026,0.0,0.0,1.0,0.0,0.0,1.0,3
0.025415004493472726,0.2896435562491036,-0.35538744700900404,-1.672938569817802,0.08373474367643989,0.10446424172480435,-0.6410926117044234,1.0,0.0,1.0,1.0,0.0,0.0,1
-0.4521823953838643,1.2385346607413423,0.38672091101443773,1.185985720173647,-0.5690835225461616,-0.17854528593564686,-0.01889678173935523,3.0,0.0,0.0,1.0,0.0,0.0,2
0.16187140445842593,-0.1575350102357438,-0.520300415458658,0.7161346530162775,0.2828644708057229,0.1199309506612574,0.4559088729973856,2.0,1.0,0.0,0.0,0.0,0.0,4
-0.5886387953488175,0.09332125876795111,-0.4378439312338314,-0.5819284647235722,-0.4453817546999042,-0.5507617914012963,-0.7001551006948358,1.0,0.0,1.0,1.0,0.0,0.0,3
-0.4521823953838643,-0.12481462732221862,0.8814598163633997,1.8628897999766363,-0.6882836894259129,-0.4617110429792942,0.19970537345789285,3.0,1.0,1.0,0.0,1.0,0.0,3
-1.4073771951385379,0.7259153284294431,1.541111690162014,-0.47840195840076233,-1.457392676648301,-1.2889456270047361,-1.3447875818829889,1.0,1.0,1.0,1.0,0.0,1.0,2
-0.04281319548900403,-1.8480881274345593,0.30426442678961113,-0.49432911321965645,-0.21805727210069883,-0.4999872418624355,-0.22472866904678482,2.0,1.0,1.0,1.0,0.0,1.0,1
0.6394688043357629,-1.2154940577730673,-0.10801799433452344,-1.2269782348887739,0.5149253549701839,0.23663429990903928,-0.030514178222454443,1.0,1.0,1.0,0.0,0.0,1.0,2
-1.1344643952086313,-1.7608337729984918,-0.685213383908312,-2.7878394071403725,-0.8874880376925268,-1.3405013234595795,-1.608174357110505,1.0,0.0,1.0,0.0,1.0,1.0,0
0.16187140445842593,-0.45201845645747324,-0.7676698681331386,1.4328566198665014,0.4059872541876863,0.03978527708145554,0.7592027353805857,1.0,0.0,0.0,0.0,0.0,0.0,3
1.594663604090437,-0.28841654188984595,-0.1904744785593508,-0.23949463611735436,1.3931645251789815,1.4376476832320964,1.289966994551186,2.0,1.0,1.0,1.0,0.0,0.0,4
0.3665560044058559,0.21329599611754385,-1.344865257706927,-0.6695278162274886,0.9764480520187717,0.42496882135241376,0.03209560740401869,2.0,1.0,1.0,1.0,0.0,0.0,3
1.048838004230623,-2.175291956569814,-0.7676698681331386,0.26221074067780215,1.2764883372182194,0.2328847947123231,1.1031131442466822,2.0,1.0,1.0,1.0,0.0,1.0,3
1.52643540410796,0.049694081549916544,0.5516338794640917,-0.24745821352680084,0.9166823276154151,1.5136532781571903,1.2258496078543868,2.0,1.0,1.0,0.0,1.0,0.0,3
0.025415004493472726,-0.7901290798972357,0.30426442678961113,-1.720720034274484,-0.16318592635693768,-0.17393651913134955,-0.660248013539152,3.0,1.0,0.0,0.0,0.0,0.0,2
0.025415004493472726,-0.24478936467181137,0.38672091101443773,0.5170452177801041,-0.1902457310253613,-0.03333007425450413,0.23686330572063,1.0,1.0,1.0,0.0,1.0,0.0,2
0.09364320447594948,0.24601637903107054,-0.6027568996834853,1.0426413268036012,0.2577936342538601,0.1614879665915254,0.5208244014372986,2.0,1.0,1.0,1.0,1.0,0.0,3
-1.5438335951034912,-0.811942668506253,0.22180794256478378,0.3577736695911655,-1.4151800264918393,-1.5755484304787064,-1.3363627523723443,2.0,1.0,1.0,0.0,0.0,1.0,2
-0.520410595366341,-0.4629252507619811,0.13935145833995716,0.692243920787937,-0.5582596784220368,-0.595130936229101,-0.24769741476527835,0.0,1.0,1.0,0.0,1.0,0.0,2
0.025415004493472726,-0.9973581716828976,0.38672091101443773,1.2656214942681163,-0.1902457310253613,-0.22736696818455127,0.5369646011313758,1.0,0.0,1.0,0.0,0.0,0.0,4
-1.4756053951210146,1.216721072132325,0.22180794256478378,-0.8686172514636619,-1.359535845981032,-1.3114426581850316,-1.4619370532888978,1.0,0.0,1.0,1.0,0.0,1.0,1
0.16187140445842593,-1.1173329090324904,0.13935145833995716,-2.2064982562507467,0.00613128397449773,-0.14128457804328254,-0.7808560991652201,4.0,0.0,1.0,1.0,1.0,1.0,1
-1.4073771951385379,0.23510958472656113,-0.35538744700900404,-0.9721437577864723,-1.2126005744620112,-1.3416730438335533,-1.427262228671403,1.0,0.0,1.0,1.0,1.0,1.0,2
-0.8615515952787245,-1.33546879512266,-1.2624087734821006,0.588717414465127,-0.42408449938184234,-1.0548358962847881,-0.6209617032947782,3.0,1.0,1.0,0.0,0.0,1.0,3
1.1170662042130999,-0.28841654188984595,0.22180794256478378,-0.7810178999597456,0.7549430134296437,0.986535339252216,0.5635693259018314,3.0,0.0,1.0,1.0,0.0,0.0,4
-1.8849745950158747,1.173093894914292,0.4691773952392651,0.708171075606831,-1.7114476659051416,-1.76528901637085,-1.633271480810635,3.0,1.0,1.0,0.0,0.0,1.0,3
-0.11104139547148079,0.344177527771646,-1.839604163055889,-0.5580377324952317,0.7815532123577512,-0.01942565915001655,-0.30498625543766067,1.0,1.0,1.0,0.0,1.0,0.0,3
0.2300996044409027,-0.0702806557996762,-1.674691194606235,1.1780221427641993,1.071417123733908,0.20968473130764387,0.7261241942493181,1.0,1.0,0.0,0.0,1.0,0.0,2
-0.17926959545395754,0.8022628885610028,-0.6027568996834853,-1.1951239252509862,-0.0012710151932961784,0.01986603072390234,-0.5945343433561252,1.0,0.0,1.0,1.0,0.0,0.0,2
-1.9532027949983517,-0.4411116621529654,0.05689497411513053,0.692243920787937,-1.737755002337254,-1.9211278261093538,-1.7040400487000484,3.0,1.0,1.0,1.0,1.0,1.0,2
-2.0896591949633048,0.8022628885610028,0.5516338794640917,0.5329723725989983,-1.8751718989299415,-2.0033044816707104,-1.8516075887601788,1.0,1.0,1.0,0.0,0.0,1.0,2
-0.6568669953312942,-0.4629252507619811,0.4691773952392651,0.20646569881167337,-0.7504575746439597,-0.7215205072350656,-0.5270470248550682,1.0,0.0,1.0,1.0,0.0,0.0,2
-0.04281319548900403,1.6093656670946315,0.4691773952392651,0.023303418394394166,-0.2699625290133689,0.36669526142012154,-0.022976172870825436,2.0,1.0,0.0,1.0,1.0,0.0,2
0.2983278044233795,-0.7246883140701854,0.7165468479137457,0.7718796948824063,-0.08622333424518115,0.08821638587236891,0.6199713424151984,2.0,0.0,1.0,1.0,1.0,0.0,3
-0.38395419540138753,-0.6919679311566602,-1.01503932080762,0.0073762635755000765,-0.022089020024732082,-0.5179536209300325,-0.3377987493212234,2.0,0.0,1.0,1.0,1.0,0.0,1
0.2300996044409027,0.6931949455159179,-1.1799522892572731,0.12682992471720406,0.7147542845688424,0.42293783937085955,0.2695871171882904,2.0,1.0,0.0,1.0,0.0,0.0,3
0.2983278044233795,-1.3027484122091348,-1.9220606472807158,-1.6012663731327799,1.3732088280031005,-0.07738676031591611,-0.4371230551309265,1.0,1.0,1.0,0.0,0.0,1.0,1
1.1170662042130999,1.6202724613991393,-0.520300415458658,-0.1041138201567563,1.1749661501513233,1.6973790327962692,0.9555456041865525,0.0,0.0,1.0,0.0,1.0,0.0,2
-0.520410595366341,-0.36476410202140563,1.7884811428364955,-1.6251571053611205,-0.90943588705076,-0.575446033946343,-0.9702817395308677,1.0,0.0,1.0,1.0,0.0,0.0,1
0.6394688043357629,-0.91010381724683,-1.5922347103814078,0.7479889626540657,1.4896710209146473,0.3350588113228308,0.9591815832385147,2.0,0.0,0.0,0.0,0.0,0.0,2
2.0722610039677734,0.5732202081663251,1.0463727848130528,0.015339840984947688,1.080565073945314,2.2960500292052384,1.8900809029567749,3.0,0.0,1.0,1.0,1.0,0.0,4
0.6394688043357629,-2.066224013524729,-1.509778226156581,-0.49432911321965645,1.4171066581624334,-0.03754826760080938,0.33663102360984,1.0,1.0,1.0,0.0,0.0,1.0,2
0.09364320447594948,0.7477289170384603,0.6340903636889184,-0.2872761005740355,-0.21516916593709884,0.2944391716917427,-0.027144246418196637,3.0,1.0,1.0,1.0,0.0,0.0,4
-0.725095195313771,0.006066904331883528,-2.9115384579786387,-0.7491635903219579,0.8544232092729969,-0.7007419992699319,-0.857034294424626,2.0,1.0,1.0,0.0,0.0,0.0,3
0.5712406043532865,1.1403735120007652,1.1288292690378796,0.13479350212665167,-0.018646412652332373,0.9212314570760806,0.5887551320178634,1.0,1.0,1.0,0.0,1.0,0.0,3
-0.04281319548900403,-0.6156203710251006,-0.025561510109696824,-0.6854549710463826,-0.10508702052567838,-0.19104363659136614,-0.2992218984040617,0.0,0.0,1.0,0.0,1.0,0.0,3
1.8675764040203433,0.6168473853843582,-0.9325828365827926,-0.15189528461343857,2.2280479658666863,2.103887887873549,1.5873191350689837,2.0,1.0,1.0,0.0,0.0,0.0,4
0.09364320447594948,-1.7608337729984918,-0.4378439312338314,0.27017431808724973,0.18171921508988462,-0.37031685380934454,0.2025432107667415,1.0,0.0,1.0,1.0,0.0,1.0,3
-2.0896591949633048,-0.05937386149516832,-1.0974958050324466,0.859479046386322,-1.7793966279022917,-2.034159784852018,-1.8334276935003668,2.0,0.0,1.0,1.0,0.0,1.0,1
0.16187140445842593,-0.7355951083746933,1.7884811428364955,-0.25542179093624845,-0.47046499916448364,-0.03739203821761325,0.04477719287793587,0.0,0.0,1.0,1.0,0.0,0.0,2
1.52643540410796,0.8458900657790374,-1.0974958050324466,1.576201013236546,2.0276754715361527,1.8443908823841713,2.403729455858382,4.0,1.0,1.0,0.0,1.0,0.0,4
-0.725095195313771,-0.24478936467181137,0.4691773952392651,-0.7332364355030644,-0.8038459130473589,-0.7456579469389243,-0.85260017362955,1.0,0.0,1.0,1.0,0.0,0.0,2
-0.04281319548900403,0.44233867651222303,-0.27293096278417744,-0.5580377324952317,-0.011234825562594471,0.07415574138468416,-0.24955974549921037,2.0,1.0,1.0,1.0,0.0,0.0,3
1.1170662042130999,0.344177527771646,1.4586552059371876,1.3771115780003726,0.2502638235399848,1.222129249112531,1.8132819307860588,2.0,0.0,1.0,0.0,0.0,0.0,4
-0.11104139547148079,0.32236393916262873,-0.9325828365827926,-1.720720034274484,0.2180246669623756,-0.02473745817869749,-0.7452057679728088,2.0,1.0,1.0,0.0,1.0,0.0,3
-0.725095195313771,-0.43020486784845596,-1.2624087734821006,-0.5898920421330193,-0.27500016253397325,-0.7788566908681795,-0.8126930864738656,0.0,1.0,1.0,0.0,0.0,0.0,3
-0.9297797952612009,0.9658648031286301,-0.6027568996834853,-0.5978556195424664,-0.7136988011729752,-0.7491731080608452,-0.9798594404482318,3.0,1.0,0.0,0.0,0.0,0.0,1
-1.4073771951385379,-0.10300103871320135,-0.685213383908312,-1.2269782348887739,-1.1508704241009071,-1.3779963754267381,-1.469829788304133,2.0,0.0,1.0,1.0,0.0,1.0,2
0.7759252043007164,-0.9210106115513379,-0.850126352357966,0.1825749665833328,1.0629037604262677,0.451371587112622,0.8031892136677394,2.0,1.0,1.0,1.0,0.0,0.0,3
1.1852944041955764,-1.2045872634685595,-0.9325828365827926,0.023303418394394166,1.5349364834858898,0.7032133528253719,1.0912297005158784,2.0,0.0,1.0,1.0,1.0,1.0,3
0.7076970043182393,-1.6190454470398816,-0.27293096278417744,-0.0005873138339464035,0.6573513179593237,0.1614879665915247,0.6456892430266392,3.0,0.0,1.0,1.0,0.0,1.0,1
-0.520410595366341,-1.2373076463820847,0.38672091101443773,0.24628358585890806,-0.623203207049133,-0.7504229431264174,-0.386751442898863,1.0,0.0,1.0,0.0,1.0,1.0,2
0.16187140445842593,0.4532454708167309,1.0463727848130528,-0.9562166029675783,-0.2851219642088396,0.286159014382328,-0.2517768058967482,3.0,1.0,1.0,1.0,0.0,0.0,3
0.3665560044058559,-0.5392728108935408,-0.6027568996834853,-0.4465476487629747,0.5168582837010158,0.20398235882097157,0.1339030208589639,2.0,0.0,1.0,0.0,0.0,0.0,3
-0.3157259954189108,0.1587620245950014,0.7990033321385723,1.2337671846303282,-0.5683895425584453,-0.26751791966605093,0.14729406566009412,2.0,0.0,1.0,0.0,0.0,0.0,3
-0.11104139547148079,0.18057561320401871,-0.520300415458658,-0.07225951051896924,0.027978276706980366,-0.05926415186512259,-0.12105892485790729,1.0,0.0,0.0,0.0,1.0,0.0,1
1.3899790041430065,0.038787287245408676,-2.1694300999551963,-0.9721437577864723,3.1290895924387128,1.3755465034114884,0.6561537681030183,2.0,0.0,1.0,1.0,1.0,0.0,3
1.4582072041254834,-0.28841654188984595,1.2112857532627077,0.3896279792289537,0.5746027881128437,1.308758442094987,1.5713563002067108,2.0,0.0,1.0,0.0,1.0,0.0,3
0.5712406043532865,-1.3681891780361868,0.4691773952392651,1.918634841842764,0.2105325166172222,0.13071077810181542,1.46280902314325,1.0,0.0,1.0,0.0,1.0,1.0,4
-1.4073771951385379,0.42052508790320575,-0.520300415458658,-0.8049086321880866,-1.1827311452620481,-1.321753797476,-1.399327267662424,3.0,1.0,1.0,0.0,0.0,1.0,2
-0.04281319548900403,-0.2120689817582862,0.30426442678961113,0.4931544855517636,-0.21805727210069883,-0.08988511097163573,0.16015301596581424,1.0,1.0,1.0,1.0,0.0,0.0,4
-1.2026925951911078,0.5404998252527985,-1.01503932080762,1.289512226496457,-0.8686751612677727,-1.0977208619722258,-0.8214726456481161,3.0,0.0,1.0,1.0,0.0,1.0,3
0.025415004493472726,0.7695425056474776,-0.27293096278417744,-0.7412000129125109,0.049545732939398325,0.22819791321642877,-0.26756227592721865,2.0,0.0,1.0,1.0,1.0,0.0,2
-0.38395419540138753,-0.7246883140701854,-1.4273217419317545,-0.032441623471734585,0.18540717636582413,-0.5249839431738748,-0.35110111170645164,3.0,0.0,1.0,1.0,0.0,0.0,2
-0.17926959545395754,1.4239501639179868,-1.01503932080762,-0.4465476487629747,0.18955751528602785,0.166799765620206,-0.31944148922960885,4.0,1.0,1.0,0.0,1.0,0.0,3
1.52643540410796,1.1840006892187998,1.541111690162014,-1.2747596993454555,0.4952708532725929,1.9848410978778197,0.5623277720792101,2.0,1.0,1.0,1.0,1.0,0.0,3
-0.38395419540138753,0.2787367619445957,-1.509778226156581,-1.1712331930226456,0.23188631439751095,-0.30938739436271123,-0.7315486759239747,0.0,0.0,0.0,0.0,0.0,0.0,1
-0.38395419540138753,0.6277541796888676,-1.01503932080762,0.4055551340478467,-0.022089020024732082,-0.23439729042839347,-0.20477512546894258,2.0,0.0,1.0,0.0,1.0,0.0,3
1.7311200040553898,1.6202724613991393,-1.5922347103814078,1.7912176032916134,2.7797067165757956,2.400411257180497,2.7873695870483592,1.0,1.0,1.0,0.0,0.0,0.0,4
-1.1344643952086313,0.21329599611754385,-0.025561510109696824,-0.3748754520779524,-1.0346720960030067,-1.0718648990532063,-1.0976296887654513,1.0,0.0,0.0,0.0,0.0,1.0,3
-0.7933233952962477,-0.6810611368521509,-0.27293096278417744,0.2861014729061427,-0.6798209690845124,-0.8854051302081889,-0.633643288768696,1.0,1.0,1.0,0.0,0.0,0.0,3
0.6394688043357629,-1.0627989375099478,2.1183070797358035,-0.032441623471734585,-0.24724354334766893,0.28584655561593536,0.5680921291128088,2.0,0.0,1.0,1.0,0.0,0.0,2
-0.8615515952787245,-0.24478936467181137,0.4691773952392651,0.4294458662761884,-0.9106225898541568,-0.8751721056088188,-0.6617556146094777,3.0,0.0,1.0,1.0,1.0,0.0,3
0.09364320447594948,0.7913560942564949,0.38672091101443773,-0.518219845447997,-0.1361260465223898,0.30600014604828346,-0.1223004786805282,2.0,1.0,1.0,1.0,0.0,0.0,3
1.594663604090437,0.5295930309482906,0.7165468479137457,0.015339840984947688,0.8886339092262165,1.7833051935543411,1.4573993957732572,3.0,0.0,1.0,0.0,0.0,0.0,4
-0.247497795436434,-0.6047135767205927,-1.1799522892572731,0.724098230425724,0.20262196139170852,-0.37484750592204275,0.04105253141007219,1.0,1.0,1.0,1.0,0.0,0.0,3
1.8675764040203433,0.2896435562491036,-0.520300415458658,0.34981009218171905,1.8759031839228657,1.9562511207528612,1.9392996437821195,1.0,0.0,1.0,0.0,0.0,0.0,4
0.434784204388333,-0.7574086969837106,-0.9325828365827926,0.8196611593390873,0.7725138528670134,0.20101400054023813,0.7827922580103905,1.0,0.0,1.0,0.0,0.0,0.0,3
1.32175080416053,-1.7717405673029996,-0.10801799433452344,-0.3270939876212702,1.104587516770743,0.5955713078029871,1.000418906632722,1.0,1.0,1.0,1.0,1.0,1.0,3
-0.9297797952612009,0.485965853730256,-1.839604163055889,-0.6137827743613604,-0.24907299428580776,-0.8247881295279489,-0.9837614667478988,2.0,1.0,1.0,0.0,1.0,0.0,1
-0.11104139547148079,1.216721072132325,-0.1904744785593508,-1.3543954734399248,-0.10332653342750825,0.19304630199721673,-0.6065064695028304,3.0,1.0,0.0,0.0,0.0,0.0,2
-0.9980079952436777,-2.9605811464944254,1.7060246586116687,-0.637673506589701,-1.2063577801578012,-1.4131479866459495,-1.0441541919768342,2.0,1.0,1.0,1.0,0.0,1.0,0
1.6628918040729135,-0.76831549128822,0.5516338794640917,0.07904846026052292,1.0220353172963719,1.2958695179812765,1.5617785992893463,3.0,0.0,0.0,0.0,0.0,0.0,3
-0.247497795436434,1.2821618379593769,-0.025561510109696824,0.8913333560241102,-0.2793842221776774,0.057595426765856106,0.10064711489589435,1.0,1.0,0.0,0.0,0.0,0.0,3
-0.11104139547148079,-1.0955193204234746,-0.7676698681331386,0.047194150622734736,0.1381407671013685,-0.3700043950429516,-0.075830892748132,2.0,1.0,0.0,0.0,0.0,0.0,3
0.2983278044233795,0.8786104486925624,0.5516338794640917,-0.5739648873141258,-0.03149457951319672,0.5475307724700648,0.020478210920919483,1.0,0.0,1.0,0.0,0.0,0.0,4
2.4134020038801567,-0.26660295328082867,-0.1904744785593508,1.9345619966616578,2.1114802333100964,2.222075416261698,3.716583940864491,3.0,1.0,1.0,0.0,0.0,0.0,4
0.5712406043532865,-0.5283660165890329,-0.4378439312338314,0.5170452177801041,0.6206898939427367,0.3953633532366782,0.776052394401875,1.0,1.0,0.0,1.0,0.0,0.0,4
-1.6802899950684447,-1.160960086250525,-0.7676698681331386,0.11886634730775758,-1.4019765336449594,-1.7244350326649662,-1.4968779251540967,3.0,0.0,1.0,1.0,1.0,1.0,2
0.09364320447594948,-1.2045872634685595,1.2937422374875343,-0.1996767490701197,-0.39834849140887685,-0.2229144307634511,0.008949496853721903,0.0,1.0,1.0,1.0,1.0,1.0,2
-0.04281319548900403,0.7150085341249351,-0.35538744700900404,-0.5500741550857846,0.02200449043175132,0.14250609653315072,-0.24645586094265712,1.0,0.0,1.0,0.0,1.0,0.0,2
1.1170662042130999,-1.3136552065136444,-0.7676698681331386,-1.7923922309595062,1.343449958989799,0.6047107267199819,-0.022089348711810092,1.0,0.0,1.0,1.0,0.0,1.0,4
1.6628918040729135,0.006066904331883528,-0.1904744785593508,0.21442927622112098,1.4530241675232407,1.6286381041898113,1.652234663508898,3.0,1.0,1.0,1.0,0.0,0.0,4
1.7311200040553898,-3.3095985642386974,-1.839604163055889,1.0744956364413893,3.1004621773057597,0.24663298043361456,2.300503123749012,3.0,0.0,1.0,0.0,0.0,1.0,3
-1.0662361952261545,-0.3974844849349308,1.6235681743868422,-0.8208357870069802,-1.2406593978572225,-1.0913154572611699,-1.139487789070969,0.0,1.0,1.0,1.0,1.0,0.0,2
-0.725095195313771,1.1294667176962574,0.30426442678961113,-1.6649749924083552,-0.7667707295383088,-0.4995966684044441,-1.1119962401414976,0.0,0.0,1.0,0.0,0.0,0.0,2
0.8441534042831929,-0.04846706719065891,-0.7676698681331386,0.05515772803218235,1.0756034719034808,0.8112459713057484,0.7987550928726637,2.0,1.0,1.0,0.0,0.0,0.0,4
0.7076970043182393,1.1185599233917496,-0.850126352357966,-0.8526900966447684,0.9947876299250205,1.0634001957848915,0.20919439195935485,3.0,0.0,1.0,1.0,0.0,0.0,4
0.7076970043182393,1.4130433696134774,0.5516338794640917,-0.4067297617157395,0.2845643895296739,1.1604186427499144,0.4376402953216724,3.0,0.0,1.0,0.0,0.0,0.0,3
-0.5886387953488175,-1.3572823837316774,0.7990033321385723,0.740025385244618,-0.7709914561808824,-0.8312716489306032,-0.30268051262422085,2.0,1.0,1.0,0.0,1.0,1.0,1
0.16187140445842593,1.0203987746511725,-0.7676698681331386,0.09497561507941701,0.4059872541876863,0.4405136449804652,0.19305419226527887,2.0,0.0,1.0,1.0,0.0,0.0,3
-0.520410595366341,-0.03756027288615104,0.8814598163633997,-0.765090745140852,-0.738293023346824,-0.509829693003815,-0.7021061138446697,2.0,0.0,1.0,0.0,0.0,0.0,2
-1.8167463950333982,-0.34295051341238836,-0.9325828365827926,-0.6615642388180415,-1.5147540389896166,-1.788098506317538,-1.701024846559397,3.0,0.0,1.0,0.0,0.0,1.0,1
2.3451738038976804,0.7259153284294431,1.1288292690378796,-0.36691187466850483,1.2340264730858495,2.6550651517907844,1.8393545610611062,2.0,1.0,1.0,1.0,1.0,0.0,4
-0.247497795436434,-0.3102301304988632,0.8814598163633997,0.7320618078351716,-0.5382556876631795,-0.307356412381157,0.04389036871892148,1.0,0.0,1.0,0.0,0.0,0.0,4
-0.3157259954189108,0.19148240750852813,0.4691773952392651,1.5124923939609707,-0.4835158826269648,-0.26025325334741317,0.24351448691324398,3.0,0.0,1.0,1.0,1.0,0.0,3
0.7076970043182393,1.6202724613991393,-0.850126352357966,-2.5489320848569648,0.9947876299250205,1.2286908832067833,-0.6597159190437428,3.0,1.0,1.0,1.0,0.0,0.0,3
-2.0896591949633048,0.8786104486925624,-1.01503932080762,1.1461678331264122,-1.7858101476144002,-2.0005704674647715,-1.8174648586380933,1.0,0.0,0.0,0.0,1.0,1.0,1
0.7076970043182393,-0.2120689817582862,-1.9220606472807158,-0.9163987159203436,1.8999733081734154,0.6250205465355257,0.17655926290759544,2.0,1.0,1.0,1.0,0.0,0.0,3
-1.2709207951735846,-0.4083912792394387,-1.0974958050324466,1.0346777493941548,-0.917418039350191,-1.2836338279760553,-0.9457167103261465,0.0,1.0,1.0,1.0,1.0,1.0,3
-0.17926959545395754,1.3803229866999522,0.6340903636889184,0.07108488285107643,-0.42310270185009746,0.1564886263292367,-0.12921770712084707,1.0,1.0,1.0,0.0,1.0,0.0,3
0.5712406043532865,0.8131696828655106,-1.0974958050324466,-1.0438159544714947,1.0220337848920358,0.818120064166394,0.011255239667161734,1.0,0.0,0.0,1.0,0.0,0.0,3
1.1852944041955764,0.7913560942564949,-0.9325828365827926,1.4328566198665014,1.5349364834858898,1.4608477466367757,1.9231594440880426,0.0,1.0,1.0,0.0,0.0,0.0,4
-0.38395419540138753,1.6202724613991393,-0.520300415458658,0.17461138917388633,-0.22690791739176264,-0.021144182365177806,-0.28192882730326524,3.0,0.0,1.0,1.0,1.0,0.0,3
0.09364320447594948,0.6277541796888676,-1.9220606472807158,1.050604904213049,1.109826587917943,0.26264649221125613,0.5241056508256547,1.0,0.0,1.0,0.0,0.0,0.0,3
-1.0662361952261545,-0.7028747254611681,0.7165468479137457,0.06312130544162883,-1.1123888536887574,-1.1350596845561882,-0.9426128257695934,1.0,1.0,1.0,1.0,1.0,0.0,3
0.16187140445842593,-2.807886026231307,1.0463727848130528,0.4055551340478467,-0.2851219642088396,-0.6013801115569611,0.3244815326313316,0.0,1.0,0.0,0.0,0.0,1.0,2
-0.520410595366341,1.1403735120007652,0.05689497411513053,-0.35894829725905836,-0.5353568899520159,-0.2736108656107143,-0.5754676239372983,3.0,0.0,1.0,1.0,0.0,0.0,3
0.16187140445842593,-0.2556961589763208,1.2112857532627077,-1.250868967117115,-0.32978293230221556,0.09321572613465655,-0.3764642826542866,1.0,1.0,1.0,0.0,0.0,0.0,4
-0.11104139547148079,-0.36476410202140563,0.5516338794640917,-0.36691187466850483,-0.3475535485560671,-0.1920591275821434,-0.23262140406201973,1.0,1.0,1.0,0.0,0.0,0.0,2
-0.11104139547148079,0.9222376259105955,0.22180794256478378,0.6364988789218081,-0.24665223576488696,0.12133701511002536,0.14729406566009412,3.0,1.0,0.0,1.0,0.0,0.0,3
0.5712406043532865,-0.2775097475853381,1.0463727848130528,-0.9084351385108965,0.007525258252764959,0.47441542113410473,0.07758968676149887,2.0,0.0,1.0,1.0,1.0,0.0,3
0.7076970043182393,-0.6483407539386257,-0.1904744785593508,-0.9243622933297907,0.6149891747036065,0.48128951399475045,0.17247987177612556,0.0,1.0,1.0,1.0,1.0,0.0,3
-1.2026925951911078,-0.10300103871320135,-0.025561510109696824,0.5090816403706577,-1.0927711632203394,-1.1806786644495648,-0.9779084272983983,4.0,0.0,1.0,0.0,1.0,1.0,4
0.5712406043532865,-0.9973581716828976,-1.344865257706927,0.3577736695911655,1.2043750587371458,0.24757035673279412,0.6980118684085367,1.0,0.0,1.0,1.0,0.0,0.0,3
0.9123816042656699,-1.0846125261189652,0.8814598163633997,-1.0836338415187292,0.3119029889923086,0.5137852256996217,0.23961246061357702,2.0,0.0,1.0,1.0,0.0,0.0,2
-1.4756053951210146,-0.91010381724683,-0.35538744700900404,0.5648266822367853,-1.2743308277066996,-1.5246957662482474,-1.2384573652170658,0.0,1.0,0.0,1.0,0.0,1.0,0
1.048838004230623,0.9113308316060876,-0.520300415458658,-1.0756702641092823,1.111244601626637,1.3603141385498303,0.3432822048024539,1.0,1.0,1.0,1.0,0.0,0.0,4
-0.5886387953488175,-1.3245620008181522,0.6340903636889184,-1.131415305975411,-0.7350030057195948,-0.8249443589111451,-0.8653704415193688,1.0,1.0,1.0,0.0,1.0,1.0,1
0.09364320447594948,-1.182773674859542,-0.1904744785593508,-0.3270939876212702,0.07625239360527086,-0.21713394358518073,-0.04355049335997782,3.0,0.0,1.0,1.0,0.0,1.0,3
0.09364320447594948,0.19148240750852813,0.8814598163633997,1.8071447581105073,-0.28820901805862437,0.14703674864584962,0.8358243427194998,3.0,1.0,0.0,1.0,0.0,0.0,4
0.7076970043182393,1.2821618379593769,0.30426442678961113,-0.3748754520779524,0.3855275310806719,1.1172993329876824,0.453957859847552,3.0,0.0,1.0,0.0,1.0,0.0,3
0.7759252043007164,0.9113308316060876,0.30426442678961113,-1.6251571053611205,0.44039887682443324,1.0681651919723847,-0.14296348158558253,2.0,0.0,1.0,1.0,0.0,0.0,3
0.5712406043532865,-0.1466282159312359,-0.27293096278417744,-2.2303889884790875,0.5357902009553389,0.5156599782979798,-0.5701466789832069,1.0,0.0,1.0,0.0,0.0,0.0,2
-1.4756053951210146,0.9985851860421552,0.7990033321385723,0.46130017591397543,-1.4294476754538035,-1.3333147718325409,-1.2545975649111427,1.0,1.0,0.0,0.0,0.0,1.0,2
-0.6568669953312942,-0.0702806557996762,0.9639163005882263,-0.34302114244016424,-0.8545647043966755,-0.6484051558991059,-0.6861432789823958,1.0,0.0,1.0,1.0,1.0,0.0,2
-0.725095195313771,-0.20116218745377834,-1.0974958050324466,1.09838636866973,-0.3427656469821239,-0.7378464777790994,-0.342676282195807,2.0,0.0,1.0,1.0,1.0,0.0,2
1.4582072041254834,1.6202724613991393,-0.685213383908312,-0.33505756503071776,1.6146446331870872,2.087952490787507,1.1113606089255232,3.0,0.0,1.0,1.0,1.0,0.0,4
0.2300996044409027,-1.782647361607509,1.4586552059371876,0.5807538370556794,-0.3469407256280948,-0.2686115253484263,0.46672812773737077,1.0,1.0,1.0,0.0,0.0,1.0,3
-0.5886387953488175,-0.4192980735439481,0.05689497411513053,1.6876910969688035,-0.5926139429227415,-0.6498893350394725,-0.017743910332635632,1.0,0.0,1.0,1.0,1.0,0.0,4
0.3665560044058559,-0.6156203710251006,-0.1904744785593508,0.19053854399278042,0.31569096298230864,0.18156344233227473,0.424781345015952,3.0,0.0,1.0,1.0,0.0,0.0,3
-0.6568669953312942,0.5732202081663251,0.13935145833995716,-0.3111668328023772,-0.6711378709013437,-0.5285772189873941,-0.6769203077286376,1.0,1.0,1.0,1.0,0.0,0.0,3
0.434784204388333,1.3366958094819192,1.6235681743868422,0.5807538370556794,-0.2529749250546,0.8309308735885074,0.6710524139744742,2.0,0.0,0.0,1.0,1.0,0.0,4
0.025415004493472726,1.6202724613991393,0.5516338794640917,-0.5978556195424664,-0.24220055887511024,0.4475439672243078,-0.2100960704230337,2.0,1.0,1.0,0.0,0.0,0.0,2
1.3899790041430065,0.07150767015893383,0.7990033321385723,0.5488995274178924,0.697872417581787,1.388669771599994,1.6047008885856828,1.0,0.0,1.0,1.0,1.0,0.0,4
-0.7933233952962477,0.8349832714745279,-0.6027568996834853,-0.773054322550299,-0.5841664764493973,-0.6248145190364353,-0.9167175603263494,1.0,0.0,1.0,1.0,0.0,0.0,2
-2.0896591949633048,-0.5392728108935408,-0.27293096278417744,-0.2156039038890138,-1.8346515806223709,-2.0513450170036327,-1.8932883242338934,2.0,1.0,1.0,0.0,0.0,1.0,2
-0.38395419540138753,0.016973698636391393,0.7165468479137457,-0.8287993644164272,-0.5993060939669692,-0.36562997231344985,-0.6171483594110129,1.0,0.0,1.0,0.0,0.0,0.0,2
0.7076970043182393,0.6604745626023928,1.4586552059371876,-0.7332364355030644,-0.02536904530682163,0.9124826116170771,0.2703852589314038,2.0,1.0,1.0,0.0,0.0,0.0,4
-1.0662361952261545,0.2569231733355784,-0.6027568996834853,0.365737247000612,-0.8432311258965534,-0.9975778273432726,-0.8752141896844378,0.0,1.0,1.0,0.0,0.0,0.0,2
2.1404892039502506,-0.28841654188984595,0.7165468479137457,-0.49432911321965645,1.2991001170036471,1.9532046477805298,1.5716223474544153,2.0,0.0,0.0,0.0,0.0,0.0,3
1.8675764040203433,0.9876783917376474,0.05689497411513053,2.0779063900317025,1.4686399640233814,2.2712095572769964,3.1516769515718064,3.0,0.0,1.0,1.0,0.0,0.0,4
0.025415004493472726,0.47505905942574816,0.7165468479137457,-1.0597431092903882,-0.29145643813389616,0.1522704329829318,-0.39526495482540835,4.0,0.0,1.0,1.0,1.0,0.0,3
0.434784204388333,-1.1391464976415075,-1.0974958050324466,-0.016514468652840494,0.8783706868000188,0.08618540389081435,0.3917028038846847,3.0,1.0,1.0,1.0,0.0,1.0,3
1.8675764040203433,-1.05189214320544,-0.1904744785593508,-0.13596812979454448,1.6326030945560195,1.350940375558041,1.5984931194725758,0.0,1.0,1.0,0.0,0.0,0.0,4
1.048838004230623,-0.2556961589763208,1.0463727848130528,2.08586996744115,0.34894701779130327,0.9340422664981932,2.1388350795605406,2.0,0.0,1.0,1.0,0.0,0.0,4
-0.725095195313771,1.0422123632601898,-0.6027568996834853,0.947078397890239,-0.5194003140876082,-0.5152196067240936,-0.38480042974902906,3.0,0.0,1.0,1.0,1.0,0.0,4
0.09364320447594948,0.7695425056474776,0.22180794256478378,-0.7491635903219579,-0.07971969423246525,0.30021965887001306,-0.21745671094285976,2.0,1.0,1.0,1.0,1.0,0.0,3
0.025415004493472726,0.42052508790320575,0.05689497411513053,1.6319460551026748,-0.07730046618621085,0.1382097884952474,0.6838226818642931,0.0,1.0,1.0,1.0,0.0,0.0,3
1.6628918040729135,1.0203987746511725,1.541111690162014,-0.6536006614085951,0.5860924128037971,2.0645180833080325,1.0722516635129526,4.0,1.0,1.0,1.0,0.0,0.0,4
0.9806098042481464,-1.1064261147279824,-0.9325828365827926,1.4726745069137361,1.3270030387716507,0.564716004621679,1.7125387063219313,2.0,0.0,0.0,1.0,1.0,0.0,3
0.7076970043182393,0.016973698636391393,1.0463727848130528,-1.3782862056682654,0.10507433240663286,0.700479338619433,-0.06004542271766095,1.0,0.0,0.0,0.0,1.0,0.0,3
-1.0662361952261545,0.8022628885610028,0.7165468479137457,-0.8606536740542149,-1.1123888536887574,-0.9194631357450249,-1.148356030661121,1.0,0.0,1.0,0.0,0.0,0.0,2
-0.725095195313771,0.37689791068517114,0.7990033321385723,0.15868423435499224,-0.872292412992101,-0.6343445114114215,-0.6042894091052925,4.0,0.0,1.0,0.0,0.0,0.0,2
0.7076970043182393,-0.1466282159312359,0.30426442678961113,0.32591935995337734,0.3855275310806719,0.6465802014166422,0.8129442794169066,1.0,0.0,1.0,1.0,0.0,0.0,3
1.6628918040729135,-1.3900027666452026,-1.01503932080762,-0.645637083999148,2.0943763330828693,1.02871727271527,1.077572608467044,2.0,0.0,1.0,0.0,0.0,1.0,3
3.0956840037049242,-0.9864513773783897,-1.344865257706927,0.3896279792289537,4.015474808263752,2.4504827744949735,3.154869518544261,2.0,0.0,1.0,1.0,0.0,0.0,4
-1.5438335951034912,-1.9571560704796442,0.38672091101443773,0.7559525400635122,-1.4349984745937048,-1.6821749845103142,-1.2787191820363562,2.0,1.0,1.0,0.0,0.0,1.0,3
1.048838004230623,-1.9462492761751362,-0.1904744785593508,-0.8526900966447684,0.9142873864249043,0.31654562941404624,0.469920694709825,2.0,1.0,0.0,1.0,1.0,1.0,2
1.1170662042130999,-0.4956456336755078,0.6340903636889184,-0.0005873138339464035,0.5645815937366448,0.9093580239531476,1.01549491733598,2.0,0.0,1.0,1.0,0.0,0.0,3
-1.3391489951560611,-1.182773674859542,0.38672091101443773,-0.2156039038890138,-1.2726394210847904,-1.4359574765926382,-1.2416499321895207,1.0,1.0,1.0,1.0,0.0,1.0,3
0.8441534042831929,1.358509398090935,-1.9220606472807158,-0.6854549710463826,2.075561468230187,1.294932141682097,0.4028767882882761,1.0,0.0,1.0,0.0,0.0,0.0,4
-1.4756053951210146,-0.3538573077168962,-2.0869736157303698,0.0073762635755000765,-0.8522691475259948,-1.4689218764470984,-1.3253661328005562,1.0,1.0,1.0,0.0,0.0,1.0,1
-0.247497795436434,0.18057561320401871,1.2937422374875343,-0.773054322550299,-0.6335114483985332,-0.19487125647968037,-0.4924608826534748,2.0,1.0,1.0,0.0,0.0,0.0,2
-1.0662361952261545,0.5514066195573079,0.6340903636889184,1.4010023102287132,-1.098886693567342,-0.9553958938802188,-0.6446399083404845,0.0,1.0,1.0,0.0,1.0,0.0,2
-0.11104139547148079,0.31145714485812087,0.7165468479137457,1.2656214942681163,-0.3940729900782539,-0.027393357693037617,0.38549503477157826,4.0,1.0,1.0,0.0,1.0,0.0,4
-0.8615515952787245,1.5002977240495465,-0.7676698681331386,0.7878068497013003,-0.5984370723860059,-0.5877100405272674,-0.569969314151404,2.0,1.0,1.0,1.0,0.0,0.0,3
-1.7485181950509214,0.5077794423392733,0.30426442678961113,-1.011961644833707,-1.5898409156947237,-1.6631149997603418,-1.6857714710243352,2.0,1.0,1.0,1.0,0.0,1.0,2
2.481630203862634,-1.1282397033369997,-1.7571476788310618,-0.892507983692003,3.913633843687341,1.8423599004026159,1.5330454965372537,1.0,1.0,1.0,1.0,0.0,1.0,3
0.2983278044233795,0.5404998252527985,1.870937627061322,0.03126699580384178,-0.401966224026842,0.4506685548882373,0.29007275526154214,0.0,0.0,1.0,0.0,0.0,0.0,3
1.1852944041955764,0.5950337967753409,-0.27293096278417744,0.47722733073286955,1.0828152274732716,1.3863263308520466,1.3591392789543721,0.0,1.0,1.0,1.0,0.0,0.0,3
2.481630203862634,-0.9646377887693725,-0.850126352357966,0.9550419752996855,2.7658070229574383,1.9267237673287239,3.0143965717562535,2.0,1.0,1.0,0.0,0.0,0.0,4
-0.11104139547148079,-0.22297577606279564,-1.839604163055889,1.2974758039059033,0.7815532123577512,-0.15753243389571833,0.39755584333418464,1.0,0.0,1.0,0.0,0.0,0.0,2
-0.725095195313771,-0.4083912792394387,-0.27293096278417744,0.9789327075280261,-0.6190404105825198,-0.7749509562882668,-0.3759321881588772,0.0,0.0,1.0,0.0,0.0,0.0,3
1.1852944041955764,-0.9755445830738803,1.7884811428364955,0.9948598623469201,0.18799133266493098,0.7901550045742214,1.6646502017351097,3.0,0.0,1.0,0.0,0.0,0.0,4
0.16187140445842593,0.1151348473769684,-0.6027568996834853,0.5011180629612101,0.32255979661564893,0.1941399076795924,0.36492071428242495,4.0,0.0,1.0,0.0,0.0,0.0,4
0.6394688043357629,-0.03756027288615104,0.4691773952392651,0.8754062012052162,0.26392085502062096,0.6162717010765223,1.0230329226876094,1.0,0.0,0.0,1.0,0.0,0.0,4
0.8441534042831929,0.7041017398204258,-1.344865257706927,1.711581829197144,1.5082777343616438,1.0699618298791442,1.6841603332334447,2.0,0.0,0.0,1.0,0.0,0.0,3
-0.5886387953488175,0.3659911163806633,0.38672091101443773,2.372558754181239,-0.6773228915521043,-0.49803437457247934,0.18817665939069497,3.0,1.0,1.0,1.0,0.0,0.0,4
0.6394688043357629,1.6202724613991393,0.8814598163633997,-0.5421105776763375,0.11186565330866415,1.150576191608536,0.3126867713164301,4.0,1.0,1.0,1.0,0.0,0.0,4
-0.247497795436434,-0.24478936467181137,-0.1904744785593508,-0.6058191969519133,-0.22304581811602714,-0.29235839159429305,-0.4328662991676533,0.0,0.0,0.0,0.0,0.0,0.0,3
-0.247497795436434,-1.226400852077575,-0.685213383908312,-0.25542179093624845,-0.03149528186529038,-0.5173287033972462,-0.30800145757831227,1.0,1.0,1.0,1.0,0.0,1.0,2
0.3665560044058559,-1.3681891780361868,0.5516338794640917,-1.2429053897076678,0.021181915327281708,-0.03942302019916816,-0.22969488433727006,4.0,1.0,1.0,0.0,1.0,1.0,2
0.5030124043708094,0.6168473853843582,2.6130459850847645,-0.8447265192353214,-0.43973684825515125,0.6853250884493732,0.05657195419283834,2.0,1.0,1.0,1.0,0.0,0.0,4
-1.0662361952261545,0.10422805307245898,1.6235681743868422,1.289512226496457,-1.2406593978572225,-1.019449940990782,-0.66947098479291,1.0,0.0,1.0,1.0,1.0,0.0,3
-1.9532027949983517,-0.12481462732221862,0.38672091101443773,0.21442927622112098,-1.7597165816115334,-1.9052705437149093,-1.7412866633786872,3.0,0.0,1.0,1.0,1.0,1.0,2
0.16187140445842593,0.2787367619445957,-0.10801799433452344,-1.234941812298221,0.10216184170979194,0.2386652818905935,-0.3697244190457707,2.0,0.0,1.0,1.0,1.0,0.0,1
-0.520410595366341,0.16966881889951083,-0.10801799433452344,-0.016514468652840494,-0.4875003200907675,-0.468272677073547,-0.4686939951918676,3.0,1.0,1.0,0.0,0.0,0.0,2
0.5030124043708094,-0.015746684277133757,-0.6027568996834853,-0.8526900966447684,0.646390608424594,0.4905070476033437,0.05275861030907302,1.0,0.0,1.0,1.0,0.0,0.0,4
-0.247497795436434,1.3039754265683925,-0.27293096278417744,1.7593632936538253,-0.19357650106857177,0.06259476702814375,0.4099713815603979,2.0,1.0,0.0,0.0,0.0,0.0,4
-0.3157259954189108,0.9222376259105955,-0.025561510109696824,-0.5421105776763375,-0.3374832893950104,-0.09800903889785363,-0.4657674754671173,2.0,0.0,1.0,1.0,1.0,0.0,1
-0.5886387953488175,-0.7574086969837106,-0.4378439312338314,0.485190908142316,-0.4453817546999042,-0.7152713319072057,-0.37930211996313495,0.0,1.0,1.0,1.0,0.0,0.0,3
-0.7933233952962477,1.4021365753089696,0.4691773952392651,-0.3191304102118237,-0.8572342514507578,-0.5273273839218222,-0.7954000153730693,1.0,1.0,1.0,1.0,0.0,0.0,4
-0.247497795436434,-0.7137815197656775,-1.1799522892572731,0.60464456928402,0.20262196139170852,-0.39984420723348235,-0.0015150282226573904,2.0,0.0,1.0,0.0,0.0,0.0,3
0.5030124043708094,0.5295930309482906,-1.01503932080762,0.7639161174729586,0.895045966321895,0.6584536345395763,0.826867418713445,3.0,0.0,1.0,0.0,0.0,0.0,4
0.3665560044058559,-1.2700280292956099,0.13935145833995716,0.03126699580384178,0.17544857269345795,-0.010598698999414676,0.3520617639767048,3.0,1.0,1.0,1.0,1.0,1.0,3
-0.04281319548900403,-0.6047135767205927,-0.520300415458658,1.7036182517876974,0.091699825231666,-0.18830962238542795,0.6319434685619041,1.0,0.0,1.0,1.0,0.0,0.0,4
-0.38395419540138753,1.6202724613991393,1.3761987217123608,-0.20764032647956618,-0.7441763498057613,-0.021144182365177806,-0.4096315062014549,1.0,0.0,1.0,0.0,1.0,0.0,3
-0.9980079952436777,-0.4192980735439481,1.7060246586116687,-1.9198094695106571,-1.2063577801578012,-1.0309328006557243,-1.343989440139875,2.0,0.0,1.0,0.0,0.0,0.0,2
-0.17926959545395754,0.7695425056474776,-0.6027568996834853,-0.5898920421330193,-0.0012710151932961784,0.012132676255675469,-0.37211884427511155,4.0,0.0,1.0,1.0,0.0,0.0,4
-1.6802899950684447,0.5295930309482906,1.7884811428364955,-0.1996767490701197,-1.6556863964574295,-1.591249483489954,-1.5358981881507656,1.0,0.0,1.0,1.0,0.0,1.0,3
1.1170662042130999,0.40961829359869784,-0.10801799433452344,0.3099922051344844,0.9276888682305754,1.2465010328911845,1.195342856784264,0.0,0.0,0.0,0.0,1.0,0.0,4
-1.4073771951385379,0.485965853730256,1.4586552059371876,-1.4499584023532883,-1.4494722010153187,-1.314723475232158,-1.5070764029827717,1.0,1.0,1.0,0.0,0.0,1.0,1
0.2983278044233795,0.300550350553613,-0.35538744700900404,1.0426413268036012,0.3306557566551924,0.38192762628177973,0.7405794280412663,2.0,0.0,1.0,1.0,0.0,0.0,3
1.52643540410796,-0.3320437191078805,0.8814598163633997,-0.048368778290627544,0.7619869942805079,1.3550804542127475,1.3544391109115916,2.0,1.0,1.0,1.0,1.0,0.0,4
-0.725095195313771,0.19148240750852813,1.9533941112861488,-0.3111668328023772,-1.064984240957106,-0.6675432553406766,-0.7350959725600353,3.0,1.0,1.0,1.0,0.0,0.0,3
0.9806098042481464,-0.04846706719065891,2.20076356396063,-0.22356748129846027,-0.05921846680941077,0.9435722588731801,0.7680709769707378,1.0,0.0,1.0,0.0,0.0,0.0,4
-0.9980079952436777,-1.2373076463820847,-1.1799522892572731,0.15868423435499224,-0.6021574036009312,-1.1539634399229644,-0.8579211185836412,0.0,0.0,1.0,1.0,1.0,1.0,1
0.9123816042656699,-0.1684418045402532,-0.850126352357966,0.4931544855517636,1.1991360214287612,0.8353052963180088,1.1000092596901294,1.0,1.0,1.0,1.0,0.0,0.0,4
1.799348204037867,-0.2120689817582862,0.38672091101443773,1.321366536134244,1.2168660660518966,1.6648833210913982,2.544557132309996,4.0,0.0,1.0,0.0,0.0,0.0,4
0.2983278044233795,-0.1575350102357438,0.5516338794640917,0.07904846026052292,-0.03149457951319672,0.250694944396724,0.3113565350779069,3.0,0.0,1.0,1.0,0.0,0.0,3
0.5712406043532865,-1.1064261147279824,-1.4273217419317545,0.4931544855517636,1.2699225661316313,0.2131998924295648,0.7643463155028745,2.0,1.0,1.0,0.0,0.0,0.0,3
-2.0896591949633048,1.5330181069630717,-0.27293096278417744,-0.8447265192353214,-1.8346515806223709,-1.9771360599852972,-1.928317878514994,0.0,1.0,0.0,1.0,1.0,1.0,1
0.5030124043708094,1.6202724613991393,1.0463727848130528,1.217840029811434,-0.04124927882416921,0.9943468084120406,1.0442280200880725,4.0,0.0,1.0,1.0,0.0,0.0,4
1.1852944041955764,0.8349832714745279,-0.6027568996834853,-0.5898920421330193,1.294052232042484,1.477408061255604,0.7293167612217729,2.0,1.0,1.0,1.0,0.0,0.0,4
-1.1344643952086313,0.9331444202151049,-0.025561510109696824,0.9231876656618972,-1.0346720960030067,-0.9739090757890035,-0.8229802467184424,3.0,0.0,1.0,1.0,1.0,1.0,3
1.799348204037867,-1.924435687566119,0.6340903636889184,1.3293301135436915,1.084415433519141,0.9045149130740557,2.5500554420958914,1.0,0.0,1.0,1.0,0.0,1.0,4
0.9806098042481464,-0.3102301304988632,1.7884811428364955,2.428303796047368,0.05630006629904823,0.849834628955283,2.2446332017310544,2.0,1.0,1.0,1.0,0.0,0.0,4
-0.38395419540138753,-0.4411116621529654,0.22180794256478378,-1.8401736954161878,-0.46922895780811585,-0.46405448372724173,-0.9550283639958063,2.0,1.0,1.0,0.0,0.0,0.0,1
-0.9980079952436777,1.6202724613991393,0.5516338794640917,-0.08818666533786221,-1.0323479814822865,-0.724176406749406,-0.9156533713355309,1.0,1.0,1.0,1.0,1.0,0.0,2
0.3665560044058559,-1.6517658299534068,-1.1799522892572731,0.06312130544162883,0.8610778054765946,-0.12269328144289958,0.366605680184554,1.0,0.0,1.0,1.0,0.0,1.0,2
-1.6120617950859681,0.3987114992941884,0.05689497411513053,-0.4146933391251871,-1.4514697374836263,-1.532194776641679,-1.5052140722488396,0.0,0.0,1.0,1.0,0.0,1.0,1
-1.3391489951560611,-2.6770044945772042,1.7060246586116687,2.3008865574962174,-1.4283093499136421,-1.6071848805759965,-0.7932716373914325,2.0,0.0,1.0,1.0,0.0,1.0,3
-1.6802899950684447,1.4784841354405294,-0.35538744700900404,0.4294458662761884,-1.459521587440764,-1.5164937236304312,-1.4588331687323441,1.0,1.0,1.0,0.0,0.0,1.0,2
-0.7933233952962477,1.1949074835233078,1.2937422374875343,0.26221074067780215,-1.0097721795819834,-0.5629476832906231,-0.6400284227136052,2.0,0.0,1.0,1.0,0.0,0.0,4
-0.9980079952436777,-1.8808085103480845,0.13935145833995716,2.340704444543452,-0.9533333520996109,-1.2507475428131927,-0.3476424974862919,1.0,0.0,0.0,0.0,1.0,1.0,2
1.048838004230623,-1.6081386527353723,-0.35538744700900404,-0.9880709126053658,1.0096885423467619,0.44004495683087613,0.3930330401232073,0.0,1.0,1.0,1.0,0.0,1.0,2
0.3665560044058559,-0.026653478581641625,1.0463727848130528,0.17461138917388633,-0.13879835297803755,0.35450936953079454,0.41750938691202694,3.0,0.0,1.0,1.0,0.0,0.0,4
0.025415004493472726,-0.6265271653296084,-0.520300415458658,0.4055551340478467,0.15542137375635165,-0.13175458566829598,0.19216736810626353,1.0,0.0,1.0,1.0,1.0,0.0,2
1.799348204037867,0.26782996764008626,-0.7676698681331386,0.46926375332342307,2.0130661767055935,1.8779801997714178,1.9562379852193101,4.0,0.0,1.0,0.0,0.0,0.0,4
0.9123816042656699,-0.2120689817582862,-1.0974958050324466,1.1620949879453053,1.381191530122078,0.8199948167647525,1.4650260835407871,3.0,1.0,1.0,0.0,0.0,0.0,4
1.594663604090437,1.6202724613991393,0.38672091101443773,1.6160189002837806,1.0545070125429823,2.2441818739840023,2.5090841659493894,2.0,1.0,1.0,1.0,0.0,0.0,4
-0.04281319548900403,1.0203987746511725,-1.674691194606235,0.22239285363056746,0.742189277901473,0.21905849429943358,0.05462094104300502,1.0,0.0,1.0,1.0,0.0,0.0,3
0.3665560044058559,-1.3463755894271694,0.30426442678961113,0.6683531885595964,0.11117080236186677,-0.033017615488111864,0.6429400881336922,3.0,1.0,1.0,1.0,0.0,1.0,4
-0.247497795436434,-0.2556961589763208,0.38672091101443773,0.8674426237957696,-0.40672446903724707,-0.2948580617254374,0.09213360296934837,1.0,1.0,1.0,1.0,0.0,0.0,3
-1.6120617950859681,0.47505905942574816,-0.685213383908312,-1.0438159544714947,-1.3484072139071925,-1.5256331425474263,-1.5892850025234813,2.0,0.0,1.0,1.0,1.0,1.0,1
-0.4521823953838643,1.10765312908724,0.30426442678961113,0.34981009218171905,-0.5472853465632649,-0.2057291986118368,-0.2889347381594854,2.0,1.0,0.0,0.0,0.0,0.0,2
0.3665560044058559,-0.811942668506253,-0.520300415458658,-1.3862497830777125,0.47402911637977985,0.12391479993276776,-0.29514250727259217,1.0,1.0,1.0,1.0,1.0,0.0,2
-0.8615515952787245,0.300550350553613,-0.27293096278417744,0.9948598623469201,-0.740601527586505,-0.7853402102708339,-0.5169372294422948,1.0,0.0,1.0,1.0,1.0,0.0,3
-0.6568669953312942,-0.7465019026792027,-0.520300415458658,0.4214822888667408,-0.4817941114905052,-0.774326038755481,-0.46479196889220065,0.0,0.0,1.0,1.0,1.0,0.0,3
-0.11104139547148079,-1.4336299438632372,0.6340903636889184,-0.20764032647956618,-0.3711193178718479,-0.4523372799875045,-0.17231736124898578,2.0,1.0,1.0,0.0,0.0,1.0,3
0.2983278044233795,-2.3498006654419497,0.8814598163633997,-0.16782243943233152,-0.13818101629589102,-0.37734717605318674,0.2013903393600216,2.0,0.0,1.0,1.0,1.0,1.0,1
0.2983278044233795,-0.7137815197656775,0.9639163005882263,0.692243920787937,-0.16318565200055196,0.09134097353629847,0.5844983760545903,2.0,0.0,1.0,0.0,0.0,0.0,3
-0.11104139547148079,-1.7608337729984918,-0.685213383908312,-0.3032032553929296,0.1001959113388996,-0.5320142654177169,-0.20849978693680626,3.0,1.0,1.0,0.0,0.0,1.0,2
0.5712406043532865,-0.8228494628107624,-0.520300415458658,1.711581829197144,0.6651937619538376,0.30256309961796024,1.3613563393519106,3.0,1.0,1.0,0.0,1.0,0.0,3
0.3665560044058559,0.08241446446344325,-1.1799522892572731,2.038088502984468,0.8610778054765946,0.38653639308607635,1.2683284850712149,1.0,0.0,0.0,1.0,0.0,0.0,3
0.9123816042656699,1.074932746173715,0.05689497411513053,-0.7889814773691926,0.6670412224332228,1.27165396358582,0.40039368064303366,3.0,1.0,1.0,0.0,1.0,0.0,3
0.434784204388333,-1.5863250641263564,0.7165468479137457,0.4374094436856349,0.016393217699176805,-0.04832809504136809,0.6040085075529247,2.0,0.0,1.0,0.0,0.0,1.0,3
-0.11104139547148079,0.485965853730256,-1.5922347103814078,-0.27134894575514257,0.6027714801476073,0.015101034536408897,-0.19643897837419985,2.0,0.0,1.0,0.0,0.0,0.0,3
-0.3157259954189108,1.5112045183540543,-0.9325828365827926,2.428303796047368,0.01009122224813688,0.032754954837613336,0.5596672996021644,0.0,1.0,1.0,1.0,0.0,0.0,4
1.594663604090437,-0.12481462732221862,-0.10801799433452344,-0.5580377324952317,1.3404523814909672,1.5067791852965453,1.0806764930235975,1.0,1.0,1.0,0.0,0.0,0.0,4
-1.4756053951210146,0.1587620245950014,1.3761987217123608,1.7434361388349322,-1.4878446289132667,-1.417522409375452,-1.0547073994691152,1.0,0.0,1.0,1.0,0.0,1.0,3
1.7311200040553898,-0.015746684277133757,0.38672091101443773,1.1620949879453053,1.1627463815489247,1.6856618290565315,2.360009024818933,3.0,1.0,1.0,1.0,0.0,0.0,4
0.9123816042656699,1.6202724613991393,1.2937422374875343,-0.4146933391251871,0.16604260536629842,1.4630349580015265,0.6046292844642351,1.0,1.0,1.0,1.0,0.0,0.0,4
-1.7485181950509214,-1.9462492761751362,-0.9325828365827926,0.7798432722918527,-1.4454428907515369,-1.838873055856399,-1.486236035245914,1.0,1.0,1.0,0.0,0.0,1.0,1
-0.17926959545395754,-0.670154342547643,1.2112857532627077,0.09497561507941701,-0.5677791745167048,-0.328134920346291,-0.12043814794659652,2.0,0.0,1.0,1.0,0.0,0.0,2
1.7311200040553898,1.1512803063052748,1.1288292690378796,0.7161346530162775,0.8004089357149402,2.1955164211182936,2.057069892099338,0.0,1.0,1.0,1.0,1.0,0.0,4
1.799348204037867,-0.17934859884476106,-0.6027568996834853,0.1985021214022269,1.876947693298586,1.6794126537286724,1.7692954524989044,1.0,1.0,1.0,1.0,1.0,0.0,3
1.4582072041254834,0.08241446446344325,-0.27293096278417744,0.37370082441005964,1.3259374614812418,1.4601447144123911,1.5612465047939377,3.0,0.0,1.0,0.0,1.0,0.0,4
0.8441534042831929,-2.6551909059681877,-0.9325828365827926,-0.35894829725905836,1.1883807422954913,-0.0848857707093481,0.5774037827824685,1.0,1.0,1.0,1.0,0.0,1.0,3
-1.0662361952261545,1.1949074835233078,-1.344865257706927,-0.7013821258652763,-0.6190409950098431,-0.8632205577942867,-1.1128830643005125,2.0,0.0,1.0,1.0,0.0,0.0,2
-1.2026925951911078,0.5950337967753409,1.4586552059371876,-1.2986504315737961,-1.3116557665919157,-1.090690539728384,-1.3402647786720112,1.0,0.0,1.0,0.0,0.0,1.0,2
0.2983278044233795,-0.26660295328082867,-0.850126352357966,-1.0438159544714947,0.5860908469175398,0.21944906775742495,-0.1888122906066689,2.0,1.0,0.0,1.0,1.0,0.0,2
0.7759252043007164,1.6202724613991393,0.38672091101443773,-0.9641801803770254,0.40507079850732475,1.3068055748050313,0.20298662284624902,2.0,1.0,1.0,0.0,0.0,0.0,4
-0.5886387953488175,-0.1575350102357438,-0.27293096278417744,0.22239285363056746,-0.49747929357853465,-0.5992710148838082,-0.45831815253138963,1.0,0.0,1.0,0.0,0.0,0.0,2
-0.04281319548900403,0.4532454708167309,0.7165468479137457,-0.5341470002668911,-0.3427647141060752,0.07688975559062304,-0.24024809182955098,2.0,1.0,1.0,1.0,0.0,0.0,3
-1.0662361952261545,1.0203987746511725,1.541111690162014,0.34981009218171905,-1.23033877782029,-0.888217259105726,-0.8787614863204984,2.0,1.0,1.0,0.0,0.0,0.0,2
-1.1344643952086313,-0.4192980735439481,-1.1799522892572731,0.8674426237957696,-0.7484809245086838,-1.1579472891944749,-0.8347750080333444,1.0,0.0,1.0,1.0,1.0,1.0,2
-0.5886387953488175,1.6202724613991393,0.7990033321385723,-0.24745821352680084,-0.7709914561808824,-0.2554882571599204,-0.5995892410625115,4.0,1.0,1.0,1.0,0.0,0.0,4
0.09364320447594948,-1.9026220989571017,-0.850126352357966,-1.672938569817802,0.381742455413799,-0.40789002046810147,-0.598081639992186,3.0,0.0,1.0,1.0,1.0,1.0,2
2.276945603915204,-0.2556961589763208,-0.10801799433452344,-0.51025626803855,1.9301145432915265,2.098263630078476,1.6716561125913305,0.0,0.0,1.0,1.0,1.0,0.0,4
-1.3391489951560611,-0.20116218745377834,0.4691773952392651,-0.7412000129125109,-1.2843409586779497,-1.3234723206911616,-1.335298563381526,3.0,1.0,1.0,1.0,0.0,1.0,2
1.52643540410796,1.6202724613991393,-1.2624087734821006,-0.34302114244016424,2.184891395455862,2.1660671823857545,1.1641266463869286,1.0,0.0,1.0,1.0,0.0,0.0,4
1.7311200040553898,0.8895172429970704,-0.6027568996834853,-0.7810178999597456,1.8121815309367961,2.0811565126184592,1.0400599465407012,3.0,1.0,1.0,0.0,1.0,0.0,4
-0.5886387953488175,-0.6265271653296084,-0.9325828365827926,1.9982706159372332,-0.267153370704182,-0.6899621718293735,0.07563867361166524,1.0,0.0,1.0,1.0,0.0,0.0,2
-0.9980079952436777,0.6277541796888676,-0.27293096278417744,-1.0836338415187292,-0.86216264459049,-0.8734535823936571,-1.1484447130770223,2.0,1.0,0.0,1.0,1.0,0.0,2
0.7076970043182393,-0.8337562571152702,0.05689497411513053,-0.14393170720399096,0.4952700635210455,0.420203825164921,0.5722602026601806,2.0,0.0,1.0,1.0,0.0,0.0,4
0.7076970043182393,0.6931949455159179,-1.0974958050324466,-0.1041138201567563,1.1656968829840524,0.9232624390576352,0.5926571583175297,1.0,0.0,1.0,1.0,0.0,0.0,4
1.1852944041955764,0.9331444202151049,0.13935145833995716,0.10293919248886349,0.8527177275692998,1.5146687691479679,1.138231380943684,1.0,0.0,0.0,1.0,0.0,0.0,4
0.7076970043182393,1.4348569582224948,0.7990033321385723,-0.23153105870790788,0.19136763352569433,1.1676051943769539,0.5273869002140106,0.0,0.0,1.0,1.0,1.0,0.0,4
2.1404892039502506,-1.444536738167745,1.1288292690378796,-0.07225951051896924,1.089487293962213,1.3984341080497757,1.8865336063207143,1.0,1.0,1.0,0.0,0.0,1.0,4
2.0722610039677734,-0.8555698457242876,-1.2624087734821006,1.1541314105358587,2.7812287428473375,1.6206704056467898,2.7270655442353258,1.0,1.0,0.0,1.0,0.0,0.0,4
0.09364320447594948,0.7913560942564949,-0.850126352357966,0.31795578254393086,0.381742455413799,0.30600014604828346,0.22223070709687887,3.0,0.0,1.0,0.0,1.0,0.0,3
-0.11104139547148079,0.7804492999519855,-1.5922347103814078,-1.4340312475343941,0.6027714801476073,0.08681032142360026,-0.6366584909093477,3.0,0.0,1.0,0.0,0.0,0.0,3
0.434784204388333,-1.782647361607509,-0.520300415458658,-1.5136670216288635,0.537750664904466,-0.10738280188964335,-0.3085335520737214,3.0,1.0,1.0,1.0,1.0,1.0,2
0.16187140445842593,-0.9428242001603552,-1.2624087734821006,0.22239285363056746,0.694048026977174,-0.09379084555154804,0.2469731011334028,2.0,0.0,1.0,1.0,0.0,0.0,2
-1.3391489951560611,1.6202724613991393,-1.01503932080762,0.09497561507941701,-1.0097728514749462,-1.114749864740644,-1.1863121046669716,1.0,0.0,0.0,0.0,0.0,1.0,2
-1.2709207951735846,0.09332125876795111,0.7165468479137457,0.8355883141579815,-1.266313681605294,-1.2225481391462256,-0.9834067370842927,1.0,1.0,0.0,0.0,1.0,1.0,1
0.3665560044058559,-0.9646377887693725,-0.7676698681331386,0.32591935995337734,0.6068721195024244,0.07907696695537374,0.4865929888993111,3.0,1.0,1.0,1.0,0.0,0.0,4
0.8441534042831929,-0.8010358742017452,0.30426442678961113,0.26221074067780215,0.4952702225681942,0.5525301127323524,0.9094307479177617,1.0,0.0,1.0,1.0,0.0,0.0,4
-0.8615515952787245,-0.34295051341238836,0.22180794256478378,-1.4181040927155002,-0.8587382213837669,-0.891341846769656,-1.1349649858599913,1.0,0.0,1.0,1.0,0.0,0.0,2
0.025415004493472726,0.060600875854425966,-0.4378439312338314,-2.079081017699596,0.11900911811090531,0.045409534876529434,-0.8039135272996151,1.0,0.0,1.0,0.0,1.0,0.0,1
-1.2026925951911078,-0.6156203710251006,1.4586552059371876,-1.2986504315737961,-1.3116557665919157,-1.2467636935416824,-1.3402647786720112,1.0,0.0,1.0,0.0,1.0,1.0,1
-1.1344643952086313,-1.9353424818706269,-0.10801799433452344,0.47722733073286955,-1.0181962657112709,-1.3642481897054468,-0.91733833723766,2.0,0.0,1.0,1.0,1.0,1.0,1
-0.04281319548900403,-0.6047135767205927,0.9639163005882263,0.4294458662761884,-0.4101067421420247,-0.18830962238542795,0.13532193951338903,1.0,1.0,1.0,1.0,0.0,0.0,4
-0.17926959545395754,1.6202724613991393,0.7990033321385723,1.1461678331264122,-0.46708858574722684,0.2131998924295648,0.26586245572042705,0.0,1.0,1.0,1.0,0.0,0.0,4
0.2983278044233795,-0.5938067824160833,0.30426442678961113,-0.16782243943233152,0.05629945661810628,0.1257114378395278,0.2013903393600216,3.0,1.0,1.0,1.0,0.0,0.0,3
-1.7485181950509214,-1.0737057318144574,-0.685213383908312,0.3816644018195061,-1.4800984071113827,-1.7763813025778008,-1.5305772431966744,2.0,1.0,1.0,1.0,1.0,1.0,2
0.5030124043708094,-0.4847388393709984,0.8814598163633997,2.3008865574962174,0.011846985466841903,0.34607298283818405,1.5628427882801645,3.0,1.0,1.0,0.0,0.0,0.0,4
-1.0662361952261545,-0.5501796051980502,-0.025561510109696824,0.6126081466934676,-0.9765730287856734,-1.1131875709086791,-0.8202310918254948,2.0,1.0,0.0,1.0,0.0,0.0,2
1.6628918040729135,0.7804492999519855,0.13935145833995716,0.4214822888667408,1.247791401246874,1.9614066903983454,1.790579232315269,0.0,0.0,1.0,1.0,1.0,0.0,4
0.3665560044058559,-0.2120689817582862,0.6340903636889184,-0.4067297617157395,-0.007235630024100901,0.30006342948681625,0.15208291611877642,1.0,1.0,1.0,1.0,0.0,0.0,3
-2.0896591949633048,-0.9973581716828976,0.7990033321385723,-0.5580377324952317,-1.885301981104287,-2.0677491022392647,-1.9123550436527204,1.0,0.0,0.0,1.0,0.0,1.0,0
0.6394688043357629,0.2787367619445957,0.6340903636889184,0.17461138917388633,0.2006979058888975,0.7182113736122359,0.671850555717588,0.0,0.0,1.0,1.0,0.0,0.0,3
-0.4521823953838643,-0.3211369248033711,-0.4378439312338314,-0.23949463611735436,-0.3199615607419467,-0.5024869119935794,-0.4792472026841485,4.0,1.0,1.0,0.0,0.0,0.0,2
1.048838004230623,-0.4956456336755078,0.7165468479137457,-1.4658855571721818,0.4781677014487856,0.8463975825249597,0.12166484746455457,1.0,0.0,1.0,0.0,0.0,0.0,2
-1.2709207951735846,0.7150085341249351,0.4691773952392651,0.44537302109508137,-1.2309526202745509,-1.1468550029875235,-1.0572791895302593,2.0,0.0,1.0,1.0,0.0,1.0,2
0.6394688043357629,-1.1500532919460171,-1.509778226156581,0.24628358585890806,1.4171066581624334,0.2577252666405659,0.7077669341577039,1.0,1.0,1.0,1.0,1.0,1.0,3
-0.4521823953838643,-0.5938067824160833,0.8814598163633997,0.2940650503155903,-0.6882836894259129,-0.5591200634023088,-0.306937268587494,3.0,1.0,1.0,1.0,1.0,0.0,2
1.32175080416053,-1.0737057318144574,-1.01503932080762,-2.5170777752191773,1.7416321075649357,0.8705350222288182,-0.3409026338777766,0.0,1.0,1.0,1.0,0.0,0.0,2
-0.4521823953838643,0.10422805307245898,-0.025561510109696824,-0.1996767490701197,-0.4536814238296764,-0.41413919579596165,-0.46638825237842807,2.0,1.0,1.0,0.0,0.0,0.0,3
0.16187140445842593,-0.19025539314926893,-0.27293096278417744,1.7752904484727192,0.17110684994338304,0.11102587581905712,0.9041098029636702,1.0,1.0,1.0,0.0,0.0,0.0,4
-0.5886387953488175,-0.9973581716828976,-0.35538744700900404,-1.3862497830777125,-0.4718375355257535,-0.7616714587165648,-0.9419920488582825,2.0,0.0,1.0,1.0,0.0,0.0,2
-0.247497795436434,-0.19025539314926893,-0.10801799433452344,-1.0836338415187292,-0.2516354553705435,-0.2798600409385734,-0.6031365376985729,2.0,0.0,1.0,1.0,0.0,0.0,2
-0.11104139547148079,-0.4847388393709984,-0.10801799433452344,0.45333659850452895,-0.13370302301043183,-0.22127402223988826,0.07794441642510508,0.0,0.0,0.0,0.0,0.0,0.0,2
-2.0896591949633048,-0.1684418045402532,-0.35538744700900404,0.19053854399278042,-1.8299031069088931,-2.0380655194319304,-1.8706743081790056,1.0,1.0,0.0,1.0,1.0,1.0,1
-0.725095195313771,-0.4956456336755078,-1.674691194606235,-0.6854549710463826,-0.08088033667961467,-0.7905738946079164,-0.8392978112443219,1.0,1.0,1.0,0.0,1.0,0.0,2
-1.8849745950158747,0.6604745626023928,-0.35538744700900404,-0.43858407135352767,-1.6447123471748284,-1.794660140411791,-1.7354336239291868,2.0,1.0,1.0,0.0,0.0,1.0,2
-1.4756053951210146,0.8458900657790374,-2.0045171315055423,1.9265984192522114,-0.8815028362132104,-1.3486252513857973,-1.0261516615488255,2.0,1.0,1.0,0.0,1.0,1.0,3
0.2983278044233795,0.44233867651222303,1.3761987217123608,0.22239285363056746,-0.27938367536357045,0.4225472659128685,0.3752078745270016,1.0,0.0,1.0,1.0,1.0,0.0,3
0.6394688043357629,0.7913560942564949,1.2937422374875343,1.6876910969688035,-0.02208776022542674,0.8834239463425295,1.4300852116755889,2.0,1.0,1.0,1.0,1.0,0.0,4
0.025415004493472726,-1.3463755894271694,0.7165468479137457,-1.5853392183138857,-0.29145643813389616,-0.3173550929057326,-0.6059743750074212,3.0,0.0,0.0,0.0,0.0,1.0,1
0.2300996044409027,1.173093894914292,-1.674691194606235,-0.7093457032747232,1.071417123733908,0.5569826501534525,-0.09356737592843573,2.0,1.0,1.0,1.0,1.0,0.0,2
-0.4521823953838643,-0.8882902286378127,-0.025561510109696824,-0.1041138201567563,-0.4536814238296764,-0.620283866923737,-0.435526771644699,2.0,1.0,1.0,0.0,0.0,0.0,2
0.2300996044409027,0.7368221227339524,-0.685213383908312,1.7434361388349322,0.429423894349375,0.43512373126018655,0.9716858038806289,2.0,1.0,0.0,0.0,0.0,0.0,4
0.09364320447594948,1.6202724613991393,0.6340903636889184,0.19053854399278042,-0.21516916593709884,0.5256586588225554,0.16973071688317884,1.0,1.0,1.0,1.0,1.0,0.0,3
0.9123816042656699,0.016973698636391393,0.8814598163633997,1.5124923939609707,0.3119029889923086,0.9003748344193493,1.656225372224466,2.0,1.0,1.0,0.0,1.0,0.0,4
-1.8167463950333982,-0.2993233361943538,-0.520300415458658,1.0267141719847084,-1.5650604364101623,-1.7852863774200012,-1.5318187970192956,3.0,0.0,1.0,1.0,0.0,1.0,2
-0.520410595366341,0.5404998252527985,-0.850126352357966,1.1620949879453053,-0.23130271909742248,-0.39390749067201547,-0.10119406369596698,2.0,0.0,0.0,1.0,0.0,0.0,3
0.7076970043182393,0.6604745626023928,-0.10801799433452344,-0.20764032647956618,0.5738915711502395,0.9124826116170771,0.5396250736084209,1.0,0.0,1.0,0.0,1.0,0.0,4
2.54985840384511,1.0313055689556805,-2.2518865841800237,1.1222771008980705,4.895677099230703,3.0298594420791756,3.2226228842930222,2.0,1.0,1.0,0.0,0.0,0.0,3
0.09364320447594948,0.2787367619445957,0.30426442678961113,1.3293301135436915,-0.10831458061317652,0.17015869735893044,0.6389493794181237,0.0,1.0,1.0,1.0,0.0,0.0,3
-0.6568669953312942,-0.6265271653296084,1.0463727848130528,-1.0915974189281763,-0.8704164091320481,-0.7519852369583818,-0.9028831034457122,1.0,1.0,1.0,1.0,1.0,0.0,2
-0.6568669953312942,1.6202724613991393,0.6340903636889184,-0.3111668328023772,-0.7869863896978444,-0.33360294875816804,-0.6769203077286376,3.0,1.0,1.0,0.0,0.0,0.0,4
0.9806098042481464,-0.6919679311566602,-0.7676698681331386,-1.0278887996526005,1.20952671544664,0.7131339186583494,0.3202247766680591,1.0,1.0,1.0,0.0,0.0,0.0,3
-0.5886387953488175,-0.08118745010418406,2.6130459850847645,1.0744956364413893,-1.0718549970466607,-0.584507338171739,-0.20211465299189654,2.0,1.0,1.0,0.0,1.0,0.0,3
-2.0896591949633048,-0.22297577606279564,-0.35538744700900404,-0.048368778290627544,-1.8299031069088931,-2.040018386721887,-1.8839766705642336,0.0,1.0,1.0,1.0,0.0,1.0,2
0.025415004493472726,-1.1282397033369997,-0.27293096278417744,0.8674426237957696,0.049545732939398325,-0.26111251495499466,0.3773362525086388,2.0,1.0,0.0,1.0,0.0,1.0,2
-0.38395419540138753,-1.7390201843894744,-1.7571476788310618,0.708171075606831,0.383190717209197,-0.7429239327329854,-0.10367717134120881,2.0,0.0,0.0,0.0,0.0,1.0,2
-0.7933233952962477,0.2569231733355784,-1.01503932080762,-0.4226569165346336,-0.4453820906462526,-0.724176406749406,-0.8230689291343435,2.0,0.0,1.0,1.0,1.0,0.0,3
-0.725095195313771,-0.26660295328082867,0.30426442678961113,-1.1553060382037517,-0.7667707295383088,-0.7495636815188366,-0.9701043746990646,1.0,1.0,0.0,0.0,1.0,0.0,0
0.434784204388333,1.6202724613991393,0.8814598163633997,0.572790259646233,-0.03816234845406878,0.9162321168137934,0.6673277525066109,1.0,0.0,1.0,1.0,0.0,0.0,4
1.594663604090437,0.7368221227339524,0.8814598163633997,-0.7252728580936173,0.811996328201419,1.8708717628359772,0.9707989797216139,3.0,1.0,0.0,1.0,0.0,0.0,4
0.2983278044233795,1.216721072132325,-0.9325828365827926,0.07108488285107643,0.6338915563908539,0.6443929900518915,0.3078092384418465,2.0,0.0,1.0,0.0,0.0,0.0,4
0.2300996044409027,1.3694161923954444,-0.6027568996834853,0.60464456928402,0.3873259589774382,0.6118191636554225,0.47710397039784874,1.0,0.0,1.0,1.0,1.0,0.0,4
-0.247497795436434,1.565738489876597,0.13935145833995716,0.7320618078351716,-0.3325032934634227,0.12258685017559788,0.04389036871892148,2.0,0.0,1.0,1.0,0.0,0.0,3
-1.6120617950859681,0.4314318822077136,0.22180794256478378,2.428303796047368,-1.4708242070026465,-1.5293826477441421,-1.1252986025267255,0.0,1.0,1.0,0.0,0.0,1.0,3
1.048838004230623,-0.8337562571152702,-0.850126352357966,-1.2030875026604333,1.3353682824312543,0.7228982551081305,0.2709173534268136,0.0,0.0,1.0,1.0,1.0,0.0,2
1.799348204037867,-0.04846706719065891,0.22180794256478378,-3.042673884242675,1.3113848185377164,1.7375299842777685,-0.46851663036006463,1.0,1.0,1.0,1.0,0.0,0.0,2
1.2535226041780534,-0.10300103871320135,0.6340903636889184,0.4214822888667408,0.668548361693144,1.1871338672765166,1.3925725497492456,1.0,0.0,1.0,0.0,1.0,0.0,4
-0.4521823953838643,1.2930686322638847,0.5516338794640917,-2.134826059565724,-0.6109360227584593,-0.16721865565390065,-1.0913332372364433,1.0,0.0,1.0,1.0,1.0,0.0,2
0.2300996044409027,-0.19025539314926893,-0.4378439312338314,1.424893042457055,0.30713940904784187,0.17617352861199537,0.8333412350742566,2.0,0.0,1.0,0.0,0.0,0.0,2
0.3665560044058559,0.5077794423392733,0.38672091101443773,1.1700585653547528,0.08035269148949577,0.5114417849516738,0.8720067684073196,0.0,1.0,1.0,1.0,0.0,0.0,4
-0.11104139547148079,-0.6810611368521509,-0.27293096278417744,1.5284195487798649,-0.07201538406458684,-0.26908021349801575,0.484996705413084,2.0,1.0,1.0,1.0,0.0,0.0,4
0.434784204388333,0.6277541796888676,1.4586552059371876,-0.024478046062286974,-0.20912429120469184,0.617677765525291,0.38797814241682105,0.0,1.0,0.0,1.0,0.0,0.0,4
1.4582072041254834,-0.7246883140701854,1.4586552059371876,-0.024478046062286974,0.4799578809123231,1.1306569452509827,1.308501619474604,0.0,0.0,1.0,1.0,1.0,0.0,4
1.1852944041955764,-0.09209424440869347,-1.5922347103814078,1.69565467437825,2.1346888687452217,1.125501375605498,2.0782649894998015,1.0,1.0,1.0,1.0,0.0,0.0,4
0.2300996044409027,-0.8446630514197782,-0.6027568996834853,-1.9198094695106571,0.3873259589774382,-0.006614849727903621,-0.6192767373926494,3.0,1.0,1.0,0.0,0.0,0.0,2
-0.725095195313771,-0.91010381724683,-0.850126352357966,-1.3782862056682654,-0.4356511106011628,-0.8647828516262518,-1.032182065830129,3.0,1.0,1.0,0.0,1.0,0.0,1
0.9123816042656699,1.6202724613991393,0.13935145833995716,-1.672938569817802,0.6269613426106861,1.4630349580015265,-0.08194997944533651,2.0,1.0,0.0,1.0,1.0,0.0,3
-0.247497795436434,-0.7246883140701854,0.22180794256478378,-1.1871603478415391,-0.3579405967865014,-0.402343877364626,-0.6400284227136052,1.0,0.0,1.0,1.0,0.0,0.0,3
-0.6568669953312942,0.4641522651212403,-0.27293096278417744,2.1416150093072788,-0.5582598520805272,-0.5488870388029383,0.033248478810738606,2.0,0.0,1.0,0.0,0.0,0.0,4
0.2983278044233795,-1.4990707096902873,-0.6027568996834853,-1.6251571053611205,0.45209212133922705,-0.13362933826665407,-0.4477649450391087,1.0,1.0,0.0,1.0,1.0,1.0,0
0.16187140445842593,-0.7137815197656775,-0.35538744700900404,0.8515154689768756,0.20719525016581572,-0.031455321656146736,0.5131977136697676,2.0,1.0,1.0,0.0,0.0,0.0,4
0.9806098042481464,0.8567968600835452,1.9533941112861488,-0.24745821352680084,0.008585891218121684,1.2677482290059077,0.7547686145855098,3.0,0.0,1.0,1.0,1.0,0.0,4
-0.5886387953488175,0.6059405910798503,0.6340903636889184,-1.6490478375894615,-0.7350030057195948,-0.45163424776312017,-1.0210080814265377,2.0,0.0,0.0,0.0,1.0,0.0,2
-0.04281319548900403,0.006066904331883528,0.30426442678961113,0.9550419752996855,-0.21805727210069883,-0.03520482685286255,0.340178320245901,2.0,1.0,1.0,1.0,0.0,0.0,4
0.434784204388333,0.9549580088241222,-0.025561510109696824,1.0187505945752606,0.30160644999565284,0.7161022769390832,0.8759087947069869,3.0,1.0,1.0,1.0,0.0,0.0,4
0.025415004493472726,-1.0627989375099478,-0.9325828365827926,-0.8208357870069802,0.3566469634385351,-0.2442397415697726,-0.2994879456517663,3.0,0.0,1.0,0.0,0.0,0.0,2
0.025415004493472726,-0.12481462732221862,-1.5922347103814078,0.5329723725989983,0.7640259421052511,-0.002396656381598022,0.24324843966553908,4.0,0.0,1.0,0.0,0.0,0.0,3
-0.11104139547148079,1.6202724613991393,-0.025561510109696824,-1.9755545113767854,-0.16318608774301138,0.29131458402781246,-0.8416922364736628,2.0,0.0,0.0,1.0,0.0,0.0,2
0.5712406043532865,0.12604164168147627,0.30426442678961113,-0.51025626803855,0.2757848395931505,0.6015861390560521,0.2726910017448443,2.0,0.0,1.0,0.0,0.0,0.0,3
-2.0896591949633048,-0.4192980735439481,0.5516338794640917,0.20646569881167337,-1.8751718989299415,-2.047048708965729,-1.8697874840199904,1.0,1.0,1.0,0.0,1.0,1.0,1
-1.4756053951210146,0.5295930309482906,-0.520300415458658,1.0187505945752606,-1.2464526937867337,-1.3803398161746858,-1.1676887973276524,2.0,1.0,1.0,1.0,0.0,1.0,2
-1.6120617950859681,0.6604745626023928,0.7165468479137457,1.09838636866973,-1.522855061466188,-1.5096977454613838,-1.303018163993373,0.0,0.0,1.0,1.0,1.0,1.0,2
0.5712406043532865,-0.6919679311566602,-0.1904744785593508,-1.00399806742426,0.49526989001508775,0.34380765678183495,0.03076537116549615,1.0,1.0,1.0,0.0,0.0,0.0,2
-0.520410595366341,-0.5065524279800157,-0.850126352357966,0.23035643104001507,-0.23130271909742248,-0.6038797816881051,-0.3917176581893479,2.0,1.0,1.0,0.0,0.0,0.0,2
-1.6802899950684447,1.6202724613991393,0.38672091101443773,0.27017431808724973,-1.5432378435996477,-1.5053233227318819,-1.4783433002306787,3.0,0.0,1.0,0.0,1.0,1.0,3
0.5712406043532865,-0.8991970229423206,-0.520300415458658,-1.2667961219360084,0.6651937619538376,0.2785037746057006,-0.0980014967235115,1.0,1.0,1.0,0.0,0.0,0.0,2
0.3665560044058559,0.1369484359859857,-2.1694300999551963,0.15868423435499224,1.7181135302321822,0.4025499048637172,0.41023742880810216,3.0,1.0,0.0,1.0,1.0,0.0,2
2.54985840384511,0.07150767015893383,0.8814598163633997,-1.0756702641092823,1.5121270030941738,2.528050663252033,1.4358495687091875,1.0,0.0,1.0,1.0,0.0,0.0,4
0.5030124043708094,1.6202724613991393,0.05689497411513053,0.8355883141579815,0.32349890460886865,0.9943468084120406,0.8611875136673341,1.0,0.0,1.0,0.0,1.0,0.0,4
-1.9532027949983517,0.8349832714745279,-0.35538744700900404,0.07904846026052292,-1.7064426004195168,-1.857151893690389,-1.7518398708709682,1.0,1.0,1.0,0.0,0.0,1.0,1
-0.7933233952962477,0.22420279042205327,-0.6027568996834853,-0.526183422857444,-0.5841664764493973,-0.7298006645444799,-0.8507378428956182,1.0,0.0,1.0,1.0,1.0,0.0,1
-0.247497795436434,0.6277541796888676,0.8814598163633997,0.23035643104001507,-0.5382556876631795,-0.09238478110277903,-0.13489338173854407,1.0,0.0,1.0,0.0,0.0,0.0,3
-1.1344643952086313,0.3987114992941884,0.22180794256478378,0.09497561507941701,-1.0813149434269957,-1.0466338536669721,-0.9982167005398465,2.0,0.0,1.0,1.0,0.0,1.0,2
-0.11104139547148079,-0.10300103871320135,1.2112857532627077,-0.9163987159203436,-0.5201799260738069,-0.12831753923797312,-0.4406703517669872,2.0,0.0,1.0,0.0,1.0,0.0,2
0.16187140445842593,-0.04846706719065891,-1.01503932080762,0.740025385244618,0.5423017408039612,0.1496145334685917,0.4660186684101587,3.0,1.0,1.0,0.0,0.0,0.0,3
-0.7933233952962477,0.24601637903107054,-0.10801799433452344,-0.15985886202288505,-0.723365184810991,-0.7260511593477638,-0.7528324557403394,1.0,1.0,1.0,1.0,0.0,0.0,3
-0.11104139547148079,0.5950337967753409,1.2112857532627077,-2.2224254110696404,-0.5201799260738069,0.04166002967981292,-0.9351635028338655,2.0,0.0,1.0,0.0,0.0,0.0,3
1.594663604090437,1.6202724613991393,0.38672091101443773,-0.6536006614085951,1.0545070125429823,2.2441818739840023,1.0178893425653213,3.0,1.0,1.0,1.0,0.0,0.0,4
0.5712406043532865,-1.4881639153857795,-1.674691194606235,-2.1029717499279363,1.482951931024452,0.09290326736826394,-0.5077142581885364,2.0,0.0,1.0,1.0,1.0,1.0,1
-1.0662361952261545,1.6202724613991393,0.22180794256478378,-0.33505756503071776,-1.0256707629161885,-0.8022910983476537,-1.0312952416711139,2.0,1.0,1.0,1.0,0.0,0.0,3
-0.17926959545395754,-0.2338825703673035,-1.9220606472807158,-0.9960344900148129,0.7586502678043995,-0.2250235274366041,-0.5213713502373709,1.0,1.0,1.0,1.0,0.0,0.0,3
-1.3391489951560611,0.202389201813036,1.6235681743868422,1.5284195487798649,-1.4202383929122444,-1.2772284232649989,-0.9309067468705924,1.0,1.0,1.0,0.0,0.0,1.0,2
1.1170662042130999,1.4784841354405294,1.7060246586116687,-1.3066140089832432,0.1697419523284136,1.644573501275854,0.25921127452781306,4.0,1.0,1.0,0.0,1.0,0.0,4
0.6394688043357629,-0.3320437191078805,0.6340903636889184,-1.8162829631878468,0.2006979058888975,0.5213623507846514,-0.32582662317451794,2.0,0.0,1.0,1.0,0.0,0.0,3
0.16187140445842593,-0.22297577606279564,0.9639163005882263,0.4931544855517636,-0.26195408805714127,0.10212080097685683,0.36155078247816774,1.0,1.0,1.0,0.0,0.0,0.0,3
0.9806098042481464,-0.9319174058558473,-0.10801799433452344,-0.14393170720399096,0.8097564358704632,0.6272077579002772,0.8124121849214981,0.0,1.0,1.0,1.0,0.0,0.0,3
0.16187140445842593,1.0531191575646976,0.22180794256478378,1.0028234397563667,-0.024075513721658025,0.4494187198226651,0.5772264179506652,1.0,0.0,1.0,1.0,1.0,0.0,4
1.1852944041955764,-0.8991970229423206,-0.1904744785593508,0.07108488285107643,1.0340066711134237,0.8191355551571717,1.119430708772562,1.0,0.0,1.0,1.0,1.0,0.0,3
-1.4073771951385379,0.7586357113429683,-1.674691194606235,1.3293301135436915,-0.9039499512607021,-1.285430465882815,-1.0428239557383114,2.0,0.0,1.0,1.0,1.0,1.0,3
-0.17926959545395754,-0.7137815197656775,0.13935145833995716,0.8754062012052162,-0.27606419722376957,-0.3384460596372596,0.16636078507892071,2.0,1.0,1.0,0.0,0.0,0.0,4
-0.04281319548900403,1.4239501639179868,0.8814598163633997,-0.8287993644164272,-0.38822768590044643,0.320217019919164,-0.3550918204220199,1.0,0.0,0.0,1.0,0.0,0.0,2
-0.11104139547148079,0.33327073346713815,0.5516338794640917,0.07108488285107643,-0.3475535485560671,-0.02208155866435667,-0.06678528632617656,1.0,1.0,1.0,0.0,1.0,0.0,3
-0.520410595366341,-1.9789696590886614,-0.10801799433452344,-0.3111668328023772,-0.4875003200907675,-0.8991533159294807,-0.5605689780658429,3.0,0.0,1.0,0.0,0.0,1.0,2
-0.6568669953312942,0.19148240750852813,0.38672091101443773,-1.1473424607943046,-0.7314425760550758,-0.5996615883417992,-0.9190233031397886,2.0,1.0,1.0,1.0,1.0,0.0,1
-0.520410595366341,1.2058142778278171,1.2112857532627077,-0.3748754520779524,-0.805775416731194,-0.2604875974222084,-0.5804338392277836,1.0,1.0,1.0,0.0,1.0,0.0,3
-1.8167463950333982,0.5186862366437828,-0.4378439312338314,-0.2156039038890138,-1.574163500321524,-1.7325589605911842,-1.6563289089450304,3.0,1.0,1.0,0.0,0.0,1.0,2
0.025415004493472726,-1.7499269786939837,-0.35538744700900404,-0.48636553581020936,0.08373474367643989,-0.4214038621145984,-0.16540013280866722,1.0,0.0,1.0,1.0,1.0,1.0,1
-1.4756053951210146,1.1949074835233078,0.9639163005882263,0.4931544855517636,-1.4471753207362101,-1.3136298695497823,-1.2496313496206573,1.0,1.0,0.0,1.0,0.0,1.0,2
-0.3157259954189108,-0.5283660165890329,0.7165468479137457,-1.0995609963376227,-0.5479978179947904,-0.42007591235742814,-0.6582083179734167,3.0,1.0,1.0,0.0,1.0,0.0,2
-0.9297797952612009,-0.4192980735439481,-0.1904744785593508,-0.8049086321880866,-0.821642241558623,-0.9674255563863489,-1.0305857823439015,3.0,0.0,1.0,1.0,0.0,0.0,2
0.5030124043708094,-1.0300785545964228,-2.4992560368545043,-0.5660013099046787,2.332010766682318,0.17812639590195187,0.19003899012462697,4.0,1.0,1.0,0.0,0.0,0.0,3
-1.4756053951210146,1.6202724613991393,-1.01503932080762,0.03923057321328826,-1.1508705416821197,-1.2709792479371391,-1.3203999175100707,0.0,1.0,0.0,1.0,0.0,1.0,2
-0.7933233952962477,1.598458872790122,-0.7676698681331386,-0.8367629418258743,-0.5314754506144265,-0.4935818371513792,-0.9337445841794412,0.0,1.0,0.0,0.0,0.0,0.0,1
0.025415004493472726,0.5404998252527985,-1.344865257706927,1.4487837746853955,0.5965697074881493,0.1691432063681535,0.6103936414978345,2.0,0.0,0.0,1.0,0.0,0.0,4
0.8441534042831929,0.5514066195573079,0.05689497411513053,-0.13596812979454448,0.6097841694624966,1.0174687571251222,0.6965929497541119,1.0,0.0,1.0,0.0,0.0,0.0,4
1.8675764040203433,0.6604745626023928,0.30426442678961113,0.0870120376699694,1.3183404087246091,2.1235727901563073,1.7549289011228577,3.0,0.0,1.0,0.0,1.0,0.0,4
-0.6568669953312942,0.060600875854425966,0.05689497411513053,-1.370322628258819,-0.649870995893467,-0.6240333721204525,-0.9835841019160958,3.0,0.0,1.0,0.0,0.0,0.0,3
-0.04281319548900403,0.8458900657790374,-0.025561510109696824,-1.8401736954161878,-0.10508702052567838,0.17531426700441527,-0.7492851591042784,3.0,1.0,1.0,0.0,0.0,0.0,3
1.1852944041955764,-0.7028747254611681,-0.7676698681331386,-0.7252728580936173,1.4104115807613782,0.8936569709418997,0.6494139044945033,4.0,0.0,1.0,1.0,0.0,0.0,3
1.52643540410796,-0.5610863995025581,-1.2624087734821006,-1.3305047412115842,2.184891395455862,1.2599367598460822,0.5263227112231923,3.0,0.0,1.0,1.0,0.0,0.0,3
1.2535226041780534,0.2787367619445957,1.7060246586116687,1.8947441096144233,0.2585225802307501,1.334770634397204,2.2785098846054352,1.0,0.0,1.0,0.0,0.0,0.0,4
1.799348204037867,0.1369484359859857,-0.685213383908312,0.708171075606831,1.943872616197563,1.8198628692223218,2.121187278796138,1.0,1.0,1.0,1.0,0.0,0.0,3
-0.520410595366341,-0.20116218745377834,0.05689497411513053,-0.637673506589701,-0.5353568899520159,-0.5426378634750788,-0.6623763915207885,2.0,1.0,1.0,0.0,0.0,0.0,1
-0.11104139547148079,0.14785523029049355,0.22180794256478378,2.069942812622256,-0.24665223576488696,-0.067231850408144,0.6900304509773996,3.0,1.0,1.0,1.0,0.0,0.0,4
-0.04281319548900403,0.08241446446344325,1.2112857532627077,-0.7013821258652763,-0.472580677630909,-0.016066727411291403,-0.3054296675171682,3.0,0.0,1.0,1.0,0.0,0.0,3
0.16187140445842593,-0.24478936467181137,-0.685213383908312,-1.5136670216288635,0.36357829774728,0.09618408441538998,-0.48767203219479316,1.0,1.0,1.0,1.0,1.0,0.0,2
0.9123816042656699,0.5404998252527985,0.5516338794640917,1.831035490338848,0.4425938740511096,1.0841005890584274,1.8300429073914461,0.0,0.0,1.0,1.0,0.0,0.0,4
2.0722610039677734,-0.9646377887693725,1.6235681743868422,-0.07225951051896924,0.8244990452755333,1.5691147091919457,1.8256974690122711,3.0,1.0,1.0,1.0,0.0,0.0,4
0.09364320447594948,-0.36476410202140563,0.7990033321385723,0.4214822888667408,-0.26448667212478927,-0.0003656744000438085,0.2648869491455101,1.0,0.0,0.0,0.0,0.0,0.0,2
-0.4521823953838643,-0.3102301304988632,0.8814598163633997,-1.2986504315737961,-0.6882836894259129,-0.5002215859372303,-0.8212952808163131,1.0,0.0,1.0,1.0,0.0,0.0,3
0.434784204388333,1.6202724613991393,-0.27293096278417744,-0.08022308792841573,0.4142290839513538,0.9162321168137934,0.36190551214177363,3.0,1.0,1.0,0.0,1.0,0.0,3
-0.4521823953838643,0.38780470498968056,0.4691773952392651,-0.7491635903219579,-0.590292559433763,-0.3552407183308825,-0.6438417665973708,2.0,0.0,0.0,1.0,1.0,0.0,2
0.8441534042831929,0.49687264803476544,-0.4378439312338314,-1.8242465405972939,0.8715302818586517,0.9987212311415427,-0.20583931445976056,1.0,0.0,1.0,1.0,0.0,0.0,2
-0.4521823953838643,0.202389201813036,-1.509778226156581,-0.6774913936369357,0.15287162481318292,-0.39375126128881904,-0.6206956560470737,1.0,1.0,1.0,1.0,0.0,0.0,3
-0.7933233952962477,0.9440512145196128,1.6235681743868422,0.333882937362825,-1.0610804028022,-0.6060669930528558,-0.6208730208788769,2.0,1.0,1.0,0.0,0.0,0.0,3
0.09364320447594948,1.3366958094819192,0.38672091101443773,-0.1996767490701197,-0.1361260465223898,0.45051232550504156,0.008949496853721903,1.0,0.0,1.0,1.0,0.0,0.0,4
0.09364320447594948,1.6202724613991393,1.7060246586116687,-0.35894829725905836,-0.49611275693910983,0.5256586588225554,-0.05667549091340315,1.0,0.0,1.0,1.0,1.0,0.0,3
-0.8615515952787245,0.1151348473769684,-0.6027568996834853,0.8913333560241102,-0.6489326388111863,-0.8158830546857487,-0.5434532717968494,1.0,1.0,1.0,1.0,0.0,0.0,3
-1.7485181950509214,-1.7717405673029996,-1.509778226156581,0.6444624563312547,-1.348407477289052,-1.8263747052006793,-1.5013120459491724,1.0,0.0,1.0,1.0,0.0,1.0,0
0.5030124043708094,1.6202724613991393,-0.7676698681331386,-0.5421105776763375,0.7407953630455834,0.9943468084120406,0.20147902177592322,2.0,1.0,0.0,1.0,0.0,0.0,2
0.9806098042481464,0.3987114992941884,-0.685213383908312,0.708171075606831,1.1537254569724213,1.1037073766495877,1.286863109994633,4.0,0.0,1.0,1.0,0.0,0.0,4
0.5712406043532865,1.6202724613991393,-0.7676698681331386,0.692243920787937,0.8077569848171634,1.0724615000102886,0.8618969729945465,1.0,1.0,1.0,0.0,0.0,0.0,4
2.1404892039502506,0.1369484359859857,1.2112857532627077,0.34981009218171905,1.0505952725418222,2.1573183369267515,2.2014448651870144,2.0,1.0,1.0,0.0,0.0,0.0,4
-0.17926959545395754,-1.9571560704796442,-0.9325828365827926,1.0426413268036012,0.1487135187242959,-0.6323135294298668,0.22781769929867457,2.0,1.0,1.0,1.0,0.0,1.0,3
0.16187140445842593,1.2385346607413423,1.3761987217123608,1.6319460551026748,-0.37234221025200875,0.49988081059513345,0.8434510304870304,2.0,0.0,1.0,1.0,0.0,0.0,4
0.09364320447594948,0.1587620245950014,0.22180794256478378,0.015339840984947688,-0.07971969423246525,0.13836601787844388,0.09754323033934144,2.0,1.0,0.0,0.0,0.0,0.0,3
-0.247497795436434,-1.4990707096902873,-0.10801799433452344,-0.04040520088118107,-0.2516354553705435,-0.5798204566758444,-0.2313798502393985,2.0,1.0,1.0,1.0,1.0,1.0,3
0.5030124043708094,0.07150767015893383,-0.520300415458658,-0.024478046062286974,0.6014722134291516,0.517378501513141,0.4493463742206729,2.0,0.0,1.0,1.0,0.0,0.0,4
1.52643540410796,-0.20116218745377834,0.22180794256478378,0.2781378954966962,1.088808096494487,1.409448279565128,1.5653258959254068,2.0,0.0,0.0,1.0,0.0,0.0,3
-1.1344643952086313,1.6202724613991393,-0.27293096278417744,-1.011961644833707,-0.9837237615944753,-0.8804057899459012,-1.2324269609357625,1.0,0.0,1.0,0.0,1.0,1.0,1
-1.4073771951385379,-1.7281133900849666,-0.4378439312338314,0.9630055527091319,-1.1979029184476508,-1.5525827111488217,-1.1040148227103608,1.0,0.0,1.0,0.0,1.0,1.0,1
-0.3157259954189108,-0.8010358742017452,0.5516338794640917,-1.1712331930226456,-0.5055830330775024,-0.4806147983460701,-0.6829507120099412,2.0,0.0,1.0,1.0,0.0,0.0,3
0.434784204388333,-0.7355951083746933,-0.27293096278417744,0.46926375332342307,0.4142290839513538,0.20757563463449125,0.6189071534243807,2.0,0.0,1.0,1.0,0.0,0.0,4
-0.11104139547148079,-0.3865776906304229,-0.1904744785593508,-1.7605379213217185,-0.10332653342750825,-0.19737092661082437,-0.760281778676067,1.0,0.0,1.0,1.0,0.0,0.0,2
-1.5438335951034912,-0.9210106115513379,-0.7676698681331386,-0.5739648873141258,-1.2680532901018007,-1.5857033403864786,-1.4712487069585571,3.0,0.0,0.0,1.0,1.0,1.0,2
-0.38395419540138753,0.6386609739933755,0.13935145833995716,-1.0278887996526005,-0.4453814859427298,-0.2320538496804463,-0.6836601713371533,1.0,0.0,1.0,1.0,0.0,0.0,2
-0.04281319548900403,0.4532454708167309,2.365676532410283,0.13479350212665167,-0.7130302414666156,0.07688975559062304,0.0204782109209198,1.0,0.0,1.0,1.0,0.0,0.0,4
-2.0896591949633048,-0.13572142162672649,0.8814598163633997,2.0062341933466805,-1.8885077035277782,-2.0368937990579563,-1.7695763540512723,2.0,0.0,1.0,0.0,0.0,1.0,3
-0.38395419540138753,0.9440512145196128,0.22180794256478378,0.07108488285107643,-0.46922895780811585,-0.1664375087379186,-0.31651496950485825,1.0,1.0,0.0,1.0,0.0,0.0,3
1.3899790041430065,-2.164385162265306,0.4691773952392651,1.2735850716775627,0.8511925774580098,0.491913112052112,2.0566264800198306,3.0,1.0,1.0,1.0,0.0,1.0,4
-0.5886387953488175,1.3912297810044616,0.4691773952392651,0.9152240882524508,-0.6970692362405607,-0.2997792872961266,-0.2500031575787179,3.0,1.0,1.0,1.0,0.0,0.0,4
1.1852944041955764,1.6202724613991393,0.05689497411513053,1.576201013236546,0.896069434316125,1.7754937243945164,2.0077624688580924,1.0,1.0,1.0,0.0,0.0,0.0,4
-0.725095195313771,-0.3538573077168962,1.870937627061322,-2.493187042990836,-1.0531867799414014,-0.7651866198384861,-1.3425705214854509,1.0,0.0,1.0,0.0,0.0,0.0,2
0.9806098042481464,0.19148240750852813,-1.5922347103814078,2.428303796047368,1.8928071758087566,1.029498419631252,2.2446332017310544,0.0,1.0,1.0,1.0,0.0,0.0,4
-0.6568669953312942,-3.14599664967107,0.05689497411513053,-0.008550891243392884,-0.649870995893467,-1.2211420746974573,-0.5893020808179351,2.0,1.0,0.0,1.0,0.0,1.0,2
0.16187140445842593,0.7259153284294431,0.6340903636889184,-1.7525743439122714,-0.16318578195884947,0.36036797140066334,-0.5887699863225263,1.0,1.0,1.0,1.0,0.0,0.0,2
-0.247497795436434,-0.43020486784845596,0.22180794256478378,0.7798432722918527,-0.3579405967865014,-0.3348527838237399,0.0609173925720128,3.0,0.0,1.0,1.0,1.0,0.0,3
-1.4756053951210146,1.6202724613991393,0.7990033321385723,0.27017431808724973,-1.4294476754538035,-1.2709792479371391,-1.2843948566540535,1.0,0.0,0.0,0.0,0.0,1.0,3
-0.3157259954189108,-1.1064261147279824,0.7990033321385723,0.46130017591397543,-0.5683895425584453,-0.5484183506533489,-0.11937395895577822,2.0,0.0,0.0,0.0,0.0,0.0,3
0.6394688043357629,-0.0702806557996762,-0.850126352357966,0.6444624563312547,0.9266714994237737,0.6057262177107592,0.9073023699361251,1.0,1.0,1.0,1.0,0.0,0.0,3
0.2300996044409027,-0.34295051341238836,-0.7676698681331386,-0.06429593310952164,0.4729488759592655,0.13352290699935238,0.18658037590446752,2.0,0.0,1.0,0.0,0.0,0.0,4
-0.04281319548900403,0.6495677682978833,0.4691773952392651,-0.398766184306293,-0.2699625290133689,0.12610201129751847,-0.18748205436814605,0.0,1.0,1.0,1.0,1.0,0.0,2
1.8675764040203433,0.5295930309482906,-0.4378439312338314,1.2417307620397746,1.8121817365433346,2.0645180833080325,2.565042770383248,1.0,0.0,1.0,1.0,0.0,0.0,4
0.2983278044233795,0.8677036543880531,1.2937422374875343,0.6763167659690429,-0.2572507172150831,0.5444061848061345,0.5774037827824685,1.0,0.0,1.0,1.0,0.0,0.0,4
-1.2709207951735846,0.7477289170384603,-1.0974958050324466,-1.1393788833848575,-0.917418039350191,-1.142871153716013,-1.3572918025251033,3.0,0.0,1.0,1.0,0.0,1.0,1
-0.6568669953312942,0.7477289170384603,2.6130459850847645,0.2861014729061427,-1.1113623813461304,-0.4960815072825228,-0.5039895967206728,1.0,0.0,1.0,1.0,0.0,0.0,4
-0.9980079952436777,0.5404998252527985,-0.10801799433452344,-0.0005873138339464035,-0.9002638333511588,-0.8865768505821627,-0.8951677332622796,1.0,1.0,0.0,1.0,0.0,0.0,1
-0.9980079952436777,1.4784841354405294,0.5516338794640917,-0.8447265192353214,-1.0323479814822865,-0.7455017175557275,-1.0925747910590644,1.0,1.0,1.0,0.0,0.0,0.0,2
-0.9297797952612009,1.6202724613991393,1.0463727848130528,-0.20764032647956618,-1.0655145574397844,-0.6460617151511583,-0.8842597961063925,1.0,0.0,1.0,0.0,1.0,0.0,3
1.52643540410796,-0.1684418045402532,0.22180794256478378,-0.15189528461343857,1.088808096494487,1.4230402359032233,1.2875725693218443,3.0,1.0,0.0,0.0,0.0,0.0,4
-1.6802899950684447,-0.8555698457242876,0.5516338794640917,-0.4146933391251871,-1.559112929887071,-1.7003757076527062,-1.5622368656735173,3.0,1.0,1.0,1.0,0.0,1.0,2
2.276945603915204,-0.36476410202140563,0.05689497411513053,-0.4545112261724218,1.8121822818477356,2.0443644928756846,1.7144897194717652,0.0,1.0,1.0,1.0,1.0,0.0,4
-0.11104139547148079,1.064025951869207,-1.4273217419317545,-0.39080260689684654,0.4952687162989119,0.1558637087964515,-0.24166701048397515,1.0,0.0,1.0,1.0,0.0,0.0,2
0.025415004493472726,0.08241446446344325,0.13935145833995716,-0.526183422857444,-0.1067469085048091,0.05103379267160299,-0.1813629676709412,1.0,0.0,1.0,0.0,0.0,0.0,4
-1.0662361952261545,-0.7246883140701854,-0.520300415458658,-0.645637083999148,-0.8641234026386195,-1.138184272220118,-1.1004675260743,3.0,0.0,1.0,1.0,0.0,0.0,3
-0.3157259954189108,-0.5065524279800157,-1.9220606472807158,0.27017431808724973,0.5830621077476278,-0.41523280147833663,-0.18535367638650915,1.0,1.0,1.0,1.0,1.0,0.0,1
0.434784204388333,-0.8337562571152702,-1.344865257706927,0.8515154689768756,1.0524237209248968,0.17804828121035346,0.7976909038818459,2.0,0.0,1.0,1.0,0.0,0.0,4
-0.38395419540138753,0.485965853730256,0.5516338794640917,1.0267141719847084,-0.5582595279179808,-0.26486202015171045,0.002741727740615756,0.0,1.0,0.0,0.0,0.0,0.0,2
1.1852944041955764,1.6202724613991393,0.38672091101443773,-0.14393170720399096,0.7297889055251533,1.7754937243945164,0.9925261716174861,3.0,0.0,1.0,1.0,0.0,0.0,4
-0.3157259954189108,1.2930686322638847,1.0463727848130528,0.7718796948824063,-0.6265437237473779,-0.015676153953300728,-0.012156918130839942,2.0,1.0,1.0,1.0,1.0,0.0,4
0.7076970043182393,1.2821618379593769,-2.1694300999551963,-0.27134894575514257,2.188438884301025,1.1172993329876824,0.5069899445566608,3.0,0.0,1.0,0.0,1.0,0.0,4
1.594663604090437,-1.2045872634685595,1.2112857532627077,-0.9801073351959189,0.6698012849986396,1.0505112716711809,0.8033665784995433,1.0,1.0,1.0,1.0,0.0,1.0,4
0.2300996044409027,-1.160960086250525,-0.35538744700900404,0.21442927622112098,0.2689255034105043,-0.0949625659255218,0.3076318736100429,0.0,0.0,1.0,0.0,0.0,1.0,2
-1.8849745950158747,0.33327073346713815,0.8814598163633997,-0.2156039038890138,-1.738479701765045,-1.8134076663953704,-1.7155687627672465,1.0,0.0,0.0,0.0,1.0,1.0,2
0.8441534042831929,-0.5065524279800157,1.4586552059371876,-0.1837495942512256,0.06650857764211413,0.6537667530436813,0.6710524139744742,2.0,0.0,0.0,1.0,1.0,0.0,2
-1.4756053951210146,-0.3538573077168962,0.8814598163633997,-0.43858407135352767,-1.4384236982395788,-1.4689218764470984,-1.394893146867348,2.0,0.0,0.0,1.0,0.0,1.0,2
1.8675764040203433,1.6202724613991393,-0.9325828365827926,0.47722733073286955,2.2280479658666863,2.556640640376992,2.028691519010852,1.0,0.0,1.0,1.0,1.0,0.0,4
1.048838004230623,-0.6592475482431351,0.38672091101443773,-1.0358523770620476,0.6215495365192103,0.7866398434523001,0.3658962208573419,0.0,0.0,1.0,0.0,0.0,0.0,3
-0.11104139547148079,-0.1575350102357438,0.30426442678961113,-1.1553060382037517,-0.27292861784445976,-0.14159703680967584,-0.5311264159865381,1.0,1.0,1.0,1.0,0.0,0.0,3
-1.2709207951735846,1.6202724613991393,-1.01503932080762,1.3452572683625856,-0.9392240063713594,-1.0366351731423964,-0.8869202685834385,2.0,1.0,1.0,1.0,1.0,1.0,4
0.5030124043708094,-0.28841654188984595,-1.1799522892572731,-0.6774913936369357,1.0074013263843473,0.40653375413522763,0.13665217575191158,4.0,0.0,0.0,1.0,0.0,0.0,2
0.16187140445842593,0.5514066195573079,-0.520300415458658,-1.8083193857784003,0.2828644708057229,0.31287423890892885,-0.6123595089523309,2.0,1.0,1.0,1.0,1.0,0.0,2
0.5712406043532865,-0.8446630514197782,1.2937422374875343,0.5966809918745735,-0.06912035162335771,0.29568900675731485,0.8150726573985438,3.0,1.0,0.0,0.0,1.0,0.0,4
-0.11104139547148079,1.0422123632601898,-1.2624087734821006,0.05515772803218235,0.3958793532814363,0.15055190976777055,-0.07281569060747976,1.0,1.0,1.0,1.0,0.0,0.0,3
-0.725095195313771,-0.2338825703673035,0.30426442678961113,-0.9004715611014495,-0.7667707295383088,-0.7437050796489678,-0.8991584419778481,2.0,0.0,1.0,1.0,0.0,0.0,2
0.6394688043357629,-1.2045872634685595,0.4691773952392651,0.8754062012052162,0.26392085502062096,0.2401494610309602,1.0230329226876094,1.0,1.0,1.0,0.0,1.0,1.0,3
0.2300996044409027,-0.17934859884476106,1.2112857532627077,1.6558367873310154,-0.28218368385931764,0.17922000158432722,0.9336410474588764,2.0,0.0,1.0,1.0,1.0,0.0,3
-0.5886387953488175,-0.1466282159312359,-0.9325828365827926,-0.08022308792841573,-0.267153370704182,-0.5971619182106552,-0.5493063112463497,4.0,0.0,1.0,1.0,0.0,0.0,2
-0.5886387953488175,1.5221113126585624,-0.10801799433452344,-0.008550891243392884,-0.5464665362708231,-0.2744701272182947,-0.5277564841822799,1.0,0.0,1.0,1.0,1.0,0.0,3
-0.725095195313771,-1.3136552065136444,-1.0974958050324466,0.7718796948824063,-0.3427656469821239,-0.9370389413546308,-0.4335757584948654,1.0,0.0,1.0,0.0,1.0,1.0,2
0.025415004493472726,-0.8773834343333049,-0.4378439312338314,0.60464456928402,0.11900911811090531,-0.1964335503116455,0.2719815424176319,0.0,1.0,1.0,1.0,1.0,0.0,3
-1.2709207951735846,0.32236393916262873,0.5516338794640917,0.19053854399278042,-1.2430539608442004,-1.1946611942456513,-1.1055224237806864,2.0,0.0,0.0,1.0,0.0,1.0,2
-0.520410595366341,0.9767715974331379,-2.664169005304158,1.1780221427641993,0.934236720758801,-0.3064190360819781,-0.09622784840548175,2.0,0.0,1.0,1.0,0.0,0.0,4
1.9358046040028205,-0.1684418045402532,0.05689497411513053,-0.016514468652840494,1.525897016994107,1.814863528960033,1.7437549167192663,1.0,1.0,1.0,1.0,0.0,0.0,4
0.434784204388333,-0.28841654188984595,-0.27293096278417744,-1.6570114149989081,0.4142290839513538,0.34208913356667336,-0.37557745849527097,0.0,0.0,0.0,1.0,1.0,0.0,1
-0.9297797952612009,1.0313055689556805,1.2112857532627077,-0.2872761005740355,-1.091370907388581,-0.7388619687698766,-0.9037699276047272,1.0,1.0,1.0,1.0,0.0,0.0,3
0.5030124043708094,-1.4227231495587291,1.2112857532627077,-1.1951239252509862,-0.0917866900877263,0.05720485330786439,-0.11121517669283845,1.0,1.0,1.0,1.0,0.0,1.0,3
1.048838004230623,0.584127002470833,0.6340903636889184,-1.9755545113767854,0.5125982097583951,1.2407986604045118,-0.16779455803800838,3.0,1.0,1.0,0.0,0.0,0.0,3
-2.0896591949633048,-1.226400852077575,-0.6027568996834853,0.47722733073286955,-1.8147235613233885,-2.0759511448570804,-1.854711473316732,3.0,0.0,1.0,1.0,0.0,1.0,2
0.434784204388333,0.33327073346713815,0.7165468479137457,0.03126699580384178,0.016393217699176805,0.5290957052528786,0.41405077269186813,1.0,1.0,1.0,1.0,0.0,0.0,3
-1.3391489951560611,-1.3790959723406946,1.1288292690378796,1.289512226496457,-1.367678751139606,-1.4584545077729334,-0.9734743065033225,1.0,0.0,1.0,1.0,0.0,1.0,4
1.9358046040028205,-0.6156203710251006,0.9639163005882263,1.7593632936538253,1.0220355806785173,1.6098905782062318,3.009430356465767,3.0,0.0,0.0,0.0,1.0,0.0,4
-0.7933233952962477,-0.5610863995025581,0.22180794256478378,-0.17578601684177914,-0.8030940408729594,-0.8647828516262518,-0.7570892117036125,1.0,1.0,1.0,1.0,0.0,0.0,2
-2.0896591949633048,-0.6810611368521509,2.2832200481854565,0.03923057321328826,-1.9327867551462397,-2.056422471957519,-1.87909913768965,2.0,1.0,1.0,1.0,1.0,1.0,1
0.16187140445842593,-0.8446630514197782,1.2937422374875343,-1.9437002017389977,-0.35131590001094565,-0.06707562102494719,-0.6696483496247133,0.0,0.0,1.0,1.0,1.0,0.0,2
1.6628918040729135,-1.3790959723406946,-1.4273217419317545,0.47722733073286955,2.509368725863982,1.0334041542111643,1.8278258469939077,2.0,1.0,1.0,0.0,0.0,1.0,4
-1.2026925951911078,-0.3974844849349308,0.9639163005882263,1.5443467035987588,-1.2496384486230319,-1.2186424045663131,-0.7703915740888402,3.0,0.0,1.0,1.0,0.0,1.0,3
-1.4756053951210146,0.6277541796888676,0.30426442678961113,-0.5978556195424664,-1.3703555327196797,-1.3704973650333065,-1.4197242233197738,2.0,0.0,1.0,0.0,0.0,1.0,2
-0.04281319548900403,-0.36476410202140563,-1.1799522892572731,-0.9721437577864723,0.42210724275333705,-0.128161309854777,-0.41096174243997774,2.0,1.0,1.0,1.0,0.0,0.0,2
-0.5886387953488175,0.4532454708167309,-0.520300415458658,1.066532059031943,-0.41807256296581957,-0.48116160118725765,-0.2045090782212377,2.0,1.0,1.0,1.0,0.0,0.0,4
-2.0896591949633048,0.060600875854425966,-1.01503932080762,1.066532059031943,-1.7858101476144002,-2.029863476814114,-1.8218989794331693,0.0,1.0,1.0,0.0,0.0,1.0,2
0.3665560044058559,0.7041017398204258,1.7060246586116687,1.5602738584176519,-0.31855150113443725,0.5690904273511804,1.0501697419534737,2.0,1.0,0.0,1.0,0.0,0.0,4
-1.0662361952261545,-2.4261482255735096,-0.7676698681331386,-1.2747596993454555,-0.7993219377007442,-1.3819021100066506,-1.2405857431987024,2.0,1.0,1.0,1.0,1.0,1.0,1
-0.9297797952612009,1.3366958094819192,0.13935145833995716,-0.4067297617157395,-0.8968942558599575,-0.6907433187453559,-0.9330351248522288,3.0,1.0,1.0,1.0,0.0,0.0,3
0.5030124043708094,-0.0048398899726258895,-2.1694300999551963,1.2098764524019876,1.9062436718597198,0.49386597934206816,1.0404146762043072,1.0,1.0,1.0,1.0,1.0,0.0,4
1.048838004230623,0.3659911163806633,-0.27293096278417744,2.2292143608111945,0.9612541104692863,1.161121674974299,2.220245537358136,2.0,0.0,1.0,1.0,0.0,0.0,4
1.32175080416053,-0.7465019026792027,1.3761987217123608,0.3099922051344844,0.4178053362997155,0.9994242633659267,1.3906215365994121,0.0,0.0,1.0,0.0,0.0,0.0,3
-0.38395419540138753,0.44233867651222303,1.3761987217123608,-0.4704383809913153,-0.7441763498057613,-0.27423578314349983,-0.49742709794396006,0.0,1.0,1.0,1.0,1.0,0.0,4
-0.5886387953488175,-1.6517658299534068,1.4586552059371876,-0.11207739756620391,-0.8982064633217067,-0.888217259105726,-0.558884012163714,1.0,1.0,1.0,0.0,0.0,1.0,3
0.7076970043182393,1.064025951869207,-0.9325828365827926,-1.0278887996526005,1.0497584458193319,1.0454338167172947,0.11944778706701668,0.0,0.0,1.0,1.0,0.0,0.0,4
-0.38395419540138753,0.006066904331883528,1.7884811428364955,0.692243920787937,-0.8216417094735046,-0.367973413061397,-0.10899811629530025,2.0,1.0,1.0,1.0,1.0,0.0,3
0.2983278044233795,0.9985851860421552,0.6340903636889184,-0.3509847198496119,-0.05921901400235028,0.5819012367732934,0.11980251673062256,3.0,0.0,0.0,1.0,0.0,0.0,2
0.6394688043357629,-0.04846706719065891,-2.7466254895289848,-1.0677066866998353,2.9409570320019798,0.6127565399546018,0.04929999608891391,2.0,1.0,0.0,0.0,1.0,0.0,1
-0.04281319548900403,1.4675773411360198,-0.4378439312338314,1.8549262225671885,0.056299021131926454,0.3311530767429185,0.6909172751364152,2.0,1.0,1.0,1.0,0.0,0.0,4
-0.7933233952962477,0.5295930309482906,-1.1799522892572731,2.428303796047368,-0.38267212223930236,-0.6773075917904574,-0.061109611708479235,3.0,1.0,1.0,0.0,1.0,0.0,4
0.16187140445842593,0.4314318822077136,-1.01503932080762,0.13479350212665167,0.5423017408039612,0.2802222978208611,0.20990385128656758,1.0,1.0,0.0,1.0,1.0,0.0,2
-0.17926959545395754,0.16966881889951083,-0.10801799433452344,1.066532059031943,-0.19266923919048767,-0.12964548899514372,0.23659725847292512,2.0,0.0,1.0,0.0,0.0,0.0,4
1.2535226041780534,0.38780470498968056,0.30426442678961113,-0.048368778290627544,0.8244982970307603,1.3769525678602579,1.110030372687001,0.0,0.0,0.0,1.0,0.0,0.0,3
-0.6568669953312942,-0.3756708963259135,0.38672091101443773,1.050604904213049,-0.7314425760550758,-0.7052726513826301,-0.2826382866304773,2.0,0.0,0.0,1.0,0.0,0.0,1
-0.38395419540138753,0.6822881512114101,-0.4378439312338314,0.5648266822367853,-0.25725146376296787,-0.22268008668865621,-0.15156567592803044,2.0,1.0,1.0,1.0,1.0,0.0,3
-1.6120617950859681,-1.0191717602919148,0.22180794256478378,-1.9516637791484448,-1.4708242070026465,-1.6540536955349452,-1.7106025474767608,2.0,0.0,1.0,1.0,1.0,1.0,0
-0.7933233952962477,-0.9319174058558473,-1.01503932080762,0.3816644018195061,-0.4453820906462526,-0.9285244399704219,-0.6081027529890578,2.0,0.0,1.0,0.0,0.0,0.0,2
0.9806098042481464,1.3803229866999522,1.2937422374875343,-0.398766184306293,0.2130751967642294,1.4552234888417013,0.6705203194790651,2.0,1.0,1.0,0.0,0.0,0.0,4
-0.38395419540138753,0.7586357113429683,-0.6027568996834853,1.8867805322049767,-0.19556950227866315,-0.206276001453025,0.29007275526154214,1.0,0.0,1.0,1.0,1.0,0.0,3
-0.04281319548900403,0.16966881889951083,-1.0974958050324466,-0.8686172514636619,0.3755498434779601,0.0058053862362175915,-0.37061124320478606,3.0,0.0,1.0,1.0,0.0,0.0,2
0.2300996044409027,-0.03756027288615104,-1.01503932080762,-0.1996767490701197,0.6128505859075482,0.2188241502246387,0.1277839341617597,3.0,0.0,1.0,0.0,0.0,0.0,2
0.5712406043532865,0.9113308316060876,0.7990033321385723,1.2576579168586686,0.0900666767144759,0.8490534820393009,1.1389408402708963,2.0,1.0,1.0,1.0,0.0,0.0,4
-1.2026925951911078,0.584127002470833,0.7165468479137457,-0.757127167731405,-1.215005405633115,-1.0920966041771523,-1.2317175016085502,1.0,0.0,1.0,1.0,0.0,1.0,3
0.2300996044409027,0.6822881512114101,-0.7676698681331386,-0.2156039038890138,0.4729488759592655,0.41989136639852837,0.12086670572144084,0.0,1.0,1.0,1.0,1.0,0.0,3
0.434784204388333,-1.1064261147279824,-1.2624087734821006,0.6603896111501487,0.9922167006729118,0.0960278550321935,0.708299028653113,1.0,1.0,1.0,1.0,0.0,0.0,3
1.1170662042130999,-0.8991970229423206,1.7060246586116687,-2.3418790722113445,0.1697419523284136,0.7590653573181195,-0.34028185696646585,2.0,1.0,1.0,1.0,0.0,0.0,3
